X,Y,u,u_sigma,lx,ly,lz
-5.023705653231052,-1.2256959761415547,0.00558729860223233,0.0022441722622290926,-0.7589003052246562,-0.11010280211375503,0.7704798662775446
-5.023705653231052,-0.5679395238019933,-2.4141307774540108e-05,0.005143159880726955,-0.7589003052246562,-0.11010280211375503,0.7704798662775446
-5.023705653231052,0.08981692853756795,-0.0035338595709939213,0.002088127695315361,-0.7589003052246562,-0.11010280211375503,0.7704798662775446
-5.023705653231052,0.7475733808771292,-0.008709254822337462,0.0020383874336714312,-0.7589003052246562,-0.11010280211375503,0.7704798662775446
-5.023705653231052,1.405329833216691,-0.003441706446930799,0.0019333467580456678,-0.7589003052246562,-0.11010280211375503,0.7704798662775446
-5.023705653231052,2.063086285556252,-0.0009404768269806487,0.0008459008291237694,-0.7589003052246562,-0.11010280211375503,0.7704798662775446
-5.023705653231052,2.720842737895814,0.0010406627222346294,0.00327734869490843,-0.7589003052246562,-0.11010280211375503,0.7704798662775446
-5.023705653231052,3.3785991902353754,-0.0011073278180162103,0.0030804712398581784,-0.7589003052246562,-0.11010280211375503,0.7704798662775446
-5.023705653231052,4.026078198007131,7.875297396981883e-05,0.0003372606249561592,-0.7589003052246562,-0.11010280211375503,0.7704798662775446
-4.492535715240901,-1.2256959761415547,0.002755458185324106,0.003955842021058986,-0.7589003052246562,-0.11010280211375503,0.7704798662775446
-4.492535715240901,-0.5679395238019933,-0.008878299864541106,0.00013308397494233337,-0.7589003052246562,-0.11010280211375503,0.7704798662775446
-4.492535715240901,0.08981692853756795,-0.012767031097206269,0.0012886614598501534,-0.7589003052246562,-0.11010280211375503,0.7704798662775446
-4.492535715240901,0.7475733808771292,-0.010154518352766448,0.004182513719896863,-0.7589003052246562,-0.11010280211375503,0.7704798662775446
-4.492535715240901,1.405329833216691,-0.01241895812714272,0.0025117589059130445,-0.7589003052246562,-0.11010280211375503,0.7704798662775446
-4.492535715240901,2.063086285556252,-0.0064334174856769365,0.0018111805339903928,-0.7589003052246562,-0.11010280211375503,0.7704798662775446
-4.492535715240901,2.720842737895814,0.0027819632492508796,0.003749187288830796,-0.7589003052246562,-0.11010280211375503,0.7704798662775446
-4.492535715240901,3.3785991902353754,-0.0004832244017195017,0.002953429522129771,-0.7589003052246562,-0.11010280211375503,0.7704798662775446
-4.492535715240901,4.026078198007131,-0.0037815479895885436,0.0015417462642880579,-0.7589003052246562,-0.11010280211375503,0.7704798662775446
-3.9613657772507525,-1.2256959761415547,0.003619506714948302,0.0006039375125448279,-0.7589003052246562,-0.11010280211375503,0.7704798662775446
-3.9613657772507525,-0.5679395238019933,-0.00640391505133437,0.0017333993539477895,-0.7589003052246562,-0.11010280211375503,0.7704798662775446
-3.9613657772507525,0.08981692853756795,-0.014883182520137914,0.003890695019788282,-0.7589003052246562,-0.11010280211375503,0.7704798662775446
-3.9613657772507525,0.7475733808771292,-0.019075659464513593,0.0034839418478696173,-0.7589003052246562,-0.11010280211375503,0.7704798662775446
-3.9613657772507525,1.405329833216691,-0.02185931813597809,0.0012338006950607452,-0.7589003052246562,-0.11010280211375503,0.7704798662775446
-3.9613657772507525,2.063086285556252,-0.011904606758116026,0.00011840737667293486,-0.7589003052246562,-0.11010280211375503,0.7704798662775446
-3.9613657772507525,2.720842737895814,-0.00015786443275808004,0.0014012211581498517,-0.7589003052246562,-0.11010280211375503,0.7704798662775446
-3.9613657772507525,3.3785991902353754,0.003111745596770147,0.001872521172100619,-0.7589003052246562,-0.11010280211375503,0.7704798662775446
-3.9613657772507525,4.026078198007131,0.001977045321456159,0.002332835832648337,-0.7589003052246562,-0.11010280211375503,0.7704798662775446
-3.4301958392606022,-1.2256959761415547,0.0012644691716288804,0.001489507973733385,-0.7589003052246562,-0.11010280211375503,0.7704798662775446
-3.4301958392606022,-0.5679395238019933,-0.00993255312197352,0.002713844631457266,-0.7589003052246562,-0.11010280211375503,0.7704798662775446
-3.4301958392606022,0.08981692853756795,-0.023595648602522574,0.004424821604841772,-0.7589003052246562,-0.11010280211375503,0.7704798662775446
-3.4301958392606022,0.7475733808771292,-0.03254384533192722,0.0028038885282390697,-0.7589003052246562,-0.11010280211375503,0.7704798662775446
-3.4301958392606022,1.405329833216691,-0.03540039879571937,9.606662041107916e-05,-0.7589003052246562,-0.11010280211375503,0.7704798662775446
-3.4301958392606022,2.063086285556252,-0.01891729816903144,0.00011540559362186894,-0.7589003052246562,-0.11010280211375503,0.7704798662775446
-3.4301958392606022,2.720842737895814,0.0016271411196576656,0.0011953361573239832,-0.7589003052246562,-0.11010280211375503,0.7704798662775446
-3.4301958392606022,3.3785991902353754,0.005152077608152644,0.0015684767638147051,-0.7589003052246562,-0.11010280211375503,0.7704798662775446
-3.4301958392606022,4.026078198007131,0.004684663758903709,0.0017014793869029568,-0.7589003052246562,-0.11010280211375503,0.7704798662775446
-2.8990259012704525,-1.2256959761415547,-0.00018152336007301934,0.0032329384806040573,-0.7589003052246562,-0.11010280211375503,0.7704798662775446
-2.8990259012704525,-0.5679395238019933,-0.01222977451201902,0.000802670872775625,-0.7589003052246562,-0.11010280211375503,0.7704798662775446
-2.8990259012704525,0.08981692853756795,-0.025458470290189657,0.000935237860079344,-0.7589003052246562,-0.11010280211375503,0.7704798662775446
-3.0318183857679903,0.583134267792239,-0.03840579016612584,9.669479094057063e-05,-0.7589003052246562,-0.11010280211375503,0.7704798662775446
-2.766233416772915,0.583134267792239,-0.04217262315734332,0.0013528506788823506,-0.7589003052246562,-0.11010280211375503,0.7704798662775446
-3.0318183857679903,0.91201249396202,-0.04618718690567949,0.002040865890448249,-0.7589003052246562,-0.11010280211375503,0.7704798662775446
-2.766233416772915,0.91201249396202,-0.05319477943957942,0.00012556032640944717,-0.7589003052246562,-0.11010280211375503,0.7704798662775446
-3.0318183857679903,1.2408907201318007,-0.04351427782013781,0.0036832466849158595,-0.7589003052246562,-0.11010280211375503,0.7704798662775446
-2.766233416772915,1.2408907201318007,-0.04884435832842332,0.002192731469167522,-0.7589003052246562,-0.11010280211375503,0.7704798662775446
-3.0318183857679903,1.5697689463015814,-0.04392699861955164,0.0004912537208472194,-0.7589003052246562,-0.11010280211375503,0.7704798662775446
-2.766233416772915,1.5697689463015814,-0.04798423259468612,0.0012424073457015141,-0.7589003052246562,-0.11010280211375503,0.7704798662775446
-3.0982146280167586,1.8164276159289166,-0.043437009223490995,0.0011956388159401568,-0.7589003052246562,-0.11010280211375503,0.7704798662775446
-2.965422143519221,1.8164276159289166,-0.050008568931806024,0.00011862145434029961,-0.7589003052246562,-0.11010280211375503,0.7704798662775446
-3.0982146280167586,1.980866729013807,-0.028501037124688496,5.940770183912511e-05,-0.7589003052246562,-0.11010280211375503,0.7704798662775446
-2.965422143519221,1.980866729013807,-0.037336800506448595,7.459275097618886e-05,-0.7589003052246562,-0.11010280211375503,0.7704798662775446
-2.8326296590216837,1.8164276159289166,-0.04149885545835625,0.0001341832992945954,-0.7589003052246562,-0.11010280211375503,0.7704798662775446
-2.6998371745241463,1.8164276159289166,-0.044681728451073335,0.00011705575449369029,-0.7589003052246562,-0.11010280211375503,0.7704798662775446
-2.8326296590216837,1.980866729013807,-0.04016044642965213,0.00010243932618965081,-0.7589003052246562,-0.11010280211375503,0.7704798662775446
-2.6998371745241463,1.980866729013807,-0.035917275713162715,8.618682801938394e-05,-0.7589003052246562,-0.11010280211375503,0.7704798662775446
-3.0318183857679903,2.2275253986411427,-0.018305715295189175,5.457705374149724e-05,-0.7589003052246562,-0.11010280211375503,0.7704798662775446
-2.8326296590216837,2.145305842098698,-0.027911248389864973,0.00015676546128194012,-0.7589003052246562,-0.11010280211375503,0.7704798662775446
-2.6998371745241463,2.145305842098698,-0.031067121822958288,0.00018745855291774077,-0.7589003052246562,-0.11010280211375503,0.7704798662775446
-2.8326296590216837,2.309744955183588,-0.013911886860297238,5.3412737161694164e-05,-0.7589003052246562,-0.11010280211375503,0.7704798662775446
-2.6998371745241463,2.309744955183588,-0.018671942323147166,9.776423704762776e-05,-0.7589003052246562,-0.11010280211375503,0.7704798662775446
-2.8990259012704525,2.720842737895814,0.0037169552326482796,9.669195619137632e-05,-0.7589003052246562,-0.11010280211375503,0.7704798662775446
-2.8990259012704525,3.3785991902353754,0.008455745321473796,6.850135579005864e-05,-0.7589003052246562,-0.11010280211375503,0.7704798662775446
-2.8990259012704525,4.026078198007131,0.003511845502273985,5.917913409737029e-05,-0.7589003052246562,-0.11010280211375503,0.7704798662775446
-2.3678559632803027,-1.2256959761415547,-0.00018425593986526185,0.003100100637970872,-0.7589003052246562,-0.11010280211375503,0.7704798662775446
-2.3678559632803027,-0.5679395238019933,-0.00859249549684112,0.0031403296957547705,-0.7589003052246562,-0.11010280211375503,0.7704798662775446
-2.3678559632803027,0.08981692853756795,-0.02437450081929528,0.0015046101880131786,-0.7589003052246562,-0.11010280211375503,0.7704798662775446
-2.5006484477778406,0.583134267792239,-0.04160726081034972,0.0005252845367251432,-0.7589003052246562,-0.11010280211375503,0.7704798662775446
-2.2350634787827652,0.583134267792239,-0.03583392221669865,9.235146683955953e-05,-0.7589003052246562,-0.11010280211375503,0.7704798662775446
-2.5006484477778406,0.91201249396202,-0.0523712442188202,0.00011836777778904171,-0.7589003052246562,-0.11010280211375503,0.7704798662775446
-2.2350634787827652,0.91201249396202,-0.04394962520933461,9.8006860933827e-05,-0.7589003052246562,-0.11010280211375503,0.7704798662775446
-2.5006484477778406,1.2408907201318007,-0.05030841148488507,0.00096991967891404,-0.7589003052246562,-0.11010280211375503,0.7704798662775446
-2.2350634787827652,1.2408907201318007,-0.04220023130151027,0.0008080094054121661,-0.7589003052246562,-0.11010280211375503,0.7704798662775446
-2.567044690026609,1.4875493897591359,-0.04906403949277872,0.0001970606586207589,-0.7589003052246562,-0.11010280211375503,0.7704798662775446
-2.4342522055290714,1.4875493897591359,-0.05148351581399427,0.00015816122014668024,-0.7589003052246562,-0.11010280211375503,0.7704798662775446
-2.567044690026609,1.6519885028440262,-0.04992895009990921,0.0001186747521239113,-0.7589003052246562,-0.11010280211375503,0.7704798662775446
-2.4674503266534558,1.610878724572804,-0.04790063417606149,0.0001725602633882238,-0.7589003052246562,-0.11010280211375503,0.7704798662775446
-2.4010540844046875,1.610878724572804,-0.05122424981009757,0.00011492793162060826,-0.7589003052246562,-0.11010280211375503,0.7704798662775446
-2.4674503266534558,1.693098281115249,-0.04146572512508523,9.219014869001265e-05,-0.7589003052246562,-0.11010280211375503,0.7704798662775446
-2.4010540844046875,1.693098281115249,-0.055218976021175634,0.00011804975084227397,-0.7589003052246562,-0.11010280211375503,0.7704798662775446
-2.2350634787827652,1.5697689463015814,-0.034246496878883176,0.0034753172589114673,-0.7589003052246562,-0.11010280211375503,0.7704798662775446
-2.567044690026609,1.8164276159289166,-0.040920989279237374,6.452048051687469e-05,-0.7589003052246562,-0.11010280211375503,0.7704798662775446
-2.484049387215648,1.7547629485220828,-0.03083165249144486,7.601779839523962e-05,-0.7589003052246562,-0.11010280211375503,0.7704798662775446
-2.450851266091264,1.7547629485220828,-0.037268331344706175,9.854516808577075e-05,-0.7589003052246562,-0.11010280211375503,0.7704798662775446
-2.484049387215648,1.7958727267933055,-0.03401903025334578,7.247617858933729e-05,-0.7589003052246562,-0.11010280211375503,0.7704798662775446
-2.450851266091264,1.7958727267933055,-0.03900172752092441,8.917894600510608e-05,-0.7589003052246562,-0.11010280211375503,0.7704798662775446
-2.4010540844046875,1.7753178376576944,-0.031142334461717477,0.00010121799476017845,-0.7589003052246562,-0.11010280211375503,0.7704798662775446
-2.4674503266534558,1.8575373942001392,-0.035130345965096385,9.328572460616656e-05,-0.7589003052246562,-0.11010280211375503,0.7704798662775446
-2.4010540844046875,1.8575373942001392,-0.04166998032840851,0.00011138212776160305,-0.7589003052246562,-0.11010280211375503,0.7704798662775446
-2.6002428111509936,1.9397569507425847,-0.039701248565894444,7.053076026382061e-05,-0.7589003052246562,-0.11010280211375503,0.7704798662775446
-2.5338465689022245,1.9397569507425847,-0.041917160932377844,8.964852570750808e-05,-0.7589003052246562,-0.11010280211375503,0.7704798662775446
-2.6002428111509936,2.0219765072850295,-0.019796345290216812,8.838247582354419e-05,-0.7589003052246562,-0.11010280211375503,0.7704798662775446
-2.5338465689022245,2.0219765072850295,-0.025863032403205786,0.00012932801401427203,-0.7589003052246562,-0.11010280211375503,0.7704798662775446
-2.4342522055290714,1.980866729013807,-0.03680575525605334,0.00011218744041340381,-0.7589003052246562,-0.11010280211375503,0.7704798662775446
-2.3014597210315344,1.8164276159289166,-0.030276813228108185,0.0041640010133016285,-0.7589003052246562,-0.11010280211375503,0.7704798662775446
-2.1686672365339965,1.8164276159289166,-0.016897433434459982,0.006398458673819954,-0.7589003052246562,-0.11010280211375503,0.7704798662775446
-2.3014597210315344,1.980866729013807,-0.029772720680671272,0.00011420667067694113,-0.7589003052246562,-0.11010280211375503,0.7704798662775446
-2.1686672365339965,1.980866729013807,-0.010014954310802677,0.0034915870853312065,-0.7589003052246562,-0.11010280211375503,0.7704798662775446
-2.5006484477778406,2.2275253986411427,-0.02264135483830742,0.0029465056712782494,-0.7589003052246562,-0.11010280211375503,0.7704798662775446
-2.3678559632803027,3.3785991902353754,0.004909346559563922,3.556781335786026e-05,-0.7589003052246562,-0.11010280211375503,0.7704798662775446
-2.3678559632803027,4.026078198007131,-0.0016174852706406532,3.6799571758536246e-05,-0.7589003052246562,-0.11010280211375503,0.7704798662775446
-1.836686025290153,-1.2256959761415547,0.0008505862329787004,0.0005829162565385811,-0.7589003052246562,-0.11010280211375503,0.7704798662775446
-1.836686025290153,-0.5679395238019933,-0.007811433532717742,0.0004899377716407638,-0.7589003052246562,-0.11010280211375503,0.7704798662775446
-1.9694785097876908,-0.07462218454732238,-0.015508081652675197,8.53462714154005e-05,-0.7589003052246562,-0.11010280211375503,0.7704798662775446
-1.7038935407926157,-0.07462218454732238,-0.012270735918252037,8.109498333254254e-05,-0.7589003052246562,-0.11010280211375503,0.7704798662775446
-1.9694785097876908,0.2542560416224585,-0.02259962755547695,0.0016706023094007704,-0.7589003052246562,-0.11010280211375503,0.7704798662775446
-1.7038935407926157,0.2542560416224585,-0.016965835122174658,0.0008106081695288383,-0.7589003052246562,-0.11010280211375503,0.7704798662775446
-1.9694785097876908,0.583134267792239,-0.02788788144988152,0.000709155370621683,-0.7589003052246562,-0.11010280211375503,0.7704798662775446
-1.7038935407926157,0.583134267792239,-0.018609164466629503,0.0013546922392076069,-0.7589003052246562,-0.11010280211375503,0.7704798662775446
-1.9694785097876908,0.91201249396202,-0.032136072854103706,0.0057127407651153955,-0.7589003052246562,-0.11010280211375503,0.7704798662775446
-1.7702897830413844,0.8297929374195746,-0.024291984563223016,0.0030293345982593404,-0.7589003052246562,-0.11010280211375503,0.7704798662775446
-1.6374972985438467,0.8297929374195746,-0.01883702605825872,0.005270523908571627,-0.7589003052246562,-0.11010280211375503,0.7704798662775446
-1.7702897830413844,0.994232050504465,-0.018718880677737446,0.005097934059479892,-0.7589003052246562,-0.11010280211375503,0.7704798662775446
-1.6374972985438467,0.994232050504465,-0.014478046214997145,0.004487368990246112,-0.7589003052246562,-0.11010280211375503,0.7704798662775446
-1.9694785097876908,1.2408907201318007,-0.029996538430812906,0.0034428669142123483,-0.7589003052246562,-0.11010280211375503,0.7704798662775446
-1.7038935407926157,1.2408907201318007,-0.015696187791212617,0.004948596307512166,-0.7589003052246562,-0.11010280211375503,0.7704798662775446
-2.035874752036459,1.4875493897591359,-0.01904998009995339,0.004330217148508147,-0.7589003052246562,-0.11010280211375503,0.7704798662775446
-1.9030822675389218,1.4875493897591359,-0.013744794973611436,0.0034350437755289493,-0.7589003052246562,-0.11010280211375503,0.7704798662775446
-2.035874752036459,1.6519885028440262,-0.010715264164945101,0.005698846054786733,-0.7589003052246562,-0.11010280211375503,0.7704798662775446
-1.936280388663306,1.610878724572804,-0.007972856707645333,0.00574098433950033,-0.7589003052246562,-0.11010280211375503,0.7704798662775446
-1.8698841464145375,1.610878724572804,0.0014788221932876373,0.00664183864762157,-0.7589003052246562,-0.11010280211375503,0.7704798662775446
-1.936280388663306,1.693098281115249,0.008575641509980515,0.005969739013363326,-0.7589003052246562,-0.11010280211375503,0.7704798662775446
-1.8698841464145375,1.693098281115249,0.011192615408466573,0.006221385216472606,-0.7589003052246562,-0.11010280211375503,0.7704798662775446
-1.7038935407926157,1.5697689463015814,-0.007150402688218034,0.0048581625732143805,-0.7589003052246562,-0.11010280211375503,0.7704798662775446
-2.035874752036459,1.8164276159289166,0.01791623191623734,0.006132443985059223,-0.7589003052246562,-0.11010280211375503,0.7704798662775446
-1.9030822675389218,1.8164276159289166,0.021086884601453748,0.006031221309927481,-0.7589003052246562,-0.11010280211375503,0.7704798662775446
-2.069072873160844,1.9397569507425847,0.011841679448257538,0.00685704525199424,-0.7589003052246562,-0.11010280211375503,0.7704798662775446
-2.0026766309120747,1.9397569507425847,0.03168467771883893,0.004270057843331496,-0.7589003052246562,-0.11010280211375503,0.7704798662775446
-2.069072873160844,2.0219765072850295,0.011072454606737954,0.006875839397765514,-0.7589003052246562,-0.11010280211375503,0.7704798662775446
-2.0026766309120747,2.0219765072850295,0.021738147159169822,0.006931281211567551,-0.7589003052246562,-0.11010280211375503,0.7704798662775446
-1.9030822675389218,1.980866729013807,0.04095288930186649,0.006592150227022326,-0.7589003052246562,-0.11010280211375503,0.7704798662775446
-1.7702897830413844,1.8164276159289166,0.01543641850966579,0.006764361869217027,-0.7589003052246562,-0.11010280211375503,0.7704798662775446
-1.6374972985438467,1.8164276159289166,0.011566707621283196,0.006443025010261394,-0.7589003052246562,-0.11010280211375503,0.7704798662775446
-1.7702897830413844,1.980866729013807,0.03168379490070963,0.005303317993812705,-0.7589003052246562,-0.11010280211375503,0.7704798662775446
-1.6374972985438467,1.980866729013807,0.022174771618083382,0.0001329922949871805,-0.7589003052246562,-0.11010280211375503,0.7704798662775446
-1.8034879041657688,2.104196063827475,0.049624980319276486,0.0038520780945896535,-0.7589003052246562,-0.11010280211375503,0.7704798662775446
-1.7370916619169998,2.104196063827475,0.037707353971235334,0.00022934036164734314,-0.7589003052246562,-0.11010280211375503,0.7704798662775446
-1.7702897830413844,2.309744955183588,0.029334737008872274,0.00010173892073723408,-0.7589003052246562,-0.11010280211375503,0.7704798662775446
-1.6374972985438467,2.309744955183588,0.031266112042498004,0.00014879054404730419,-0.7589003052246562,-0.11010280211375503,0.7704798662775446
-1.9694785097876908,2.5564036248109234,0.0037142543162406493,5.798911276390312e-05,-0.7589003052246562,-0.11010280211375503,0.7704798662775446
-1.7702897830413844,2.474184068268478,0.013737311653516436,4.6101593738275875e-05,-0.7589003052246562,-0.11010280211375503,0.7704798662775446
-1.6374972985438467,2.474184068268478,0.022891942097400367,5.422018602293355e-05,-0.7589003052246562,-0.11010280211375503,0.7704798662775446
-1.7702897830413844,2.6386231813533687,0.006723104555767366,3.756175595599624e-05,-0.7589003052246562,-0.11010280211375503,0.7704798662775446
-1.6374972985438467,2.6386231813533687,0.014013498408289917,4.125221171634532e-05,-0.7589003052246562,-0.11010280211375503,0.7704798662775446
-1.9694785097876908,2.885281850980704,0.0035890983992417813,4.431545811642406e-05,-0.7589003052246562,-0.11010280211375503,0.7704798662775446
-1.7038935407926157,2.885281850980704,0.00564315958054069,3.385454306038392e-05,-0.7589003052246562,-0.11010280211375503,0.7704798662775446
-1.836686025290153,3.3785991902353754,0.0048728439348450685,8.05176725115689e-05,-0.7589003052246562,-0.11010280211375503,0.7704798662775446
-1.836686025290153,4.026078198007131,-0.001888539571064963,0.00215683888579243,-0.7589003052246562,-0.11010280211375503,0.7704798662775446
-1.3055160873000031,-1.2256959761415547,0.0008392853072931418,0.0006981652885668561,-0.7589003052246562,-0.11010280211375503,0.7704798662775446
-1.3055160873000031,-0.5679395238019933,-0.003019833696232816,0.002872525698214888,-0.7589003052246562,-0.11010280211375503,0.7704798662775446
-1.3055160873000031,0.08981692853756795,-0.009425203714086049,0.0021964582803704487,-0.7589003052246562,-0.11010280211375503,0.7704798662775446
-1.3055160873000031,0.7475733808771292,-0.011536586460974227,0.0034053123321741243,-0.7589003052246562,-0.11010280211375503,0.7704798662775446
-1.438308571797541,1.2408907201318007,-0.00964174355417408,0.003835143254293149,-0.7589003052246562,-0.11010280211375503,0.7704798662775446
-1.1727236028024663,1.2408907201318007,-0.020508133802670258,0.004238309643295631,-0.7589003052246562,-0.11010280211375503,0.7704798662775446
-1.438308571797541,1.5697689463015814,-0.012315616288087604,0.004443139889000193,-0.7589003052246562,-0.11010280211375503,0.7704798662775446
-1.1727236028024663,1.5697689463015814,-0.014954952374636179,0.0022672839141348925,-0.7589003052246562,-0.11010280211375503,0.7704798662775446
-1.5047048140463093,1.8164276159289166,0.004472594000704664,0.006760749731216433,-0.7589003052246562,-0.11010280211375503,0.7704798662775446
-1.371912329548772,1.8164276159289166,-0.0037347592301989617,0.006192602494902798,-0.7589003052246562,-0.11010280211375503,0.7704798662775446
-1.537902935170694,1.9397569507425847,0.025554182874714778,0.002129859308354554,-0.7589003052246562,-0.11010280211375503,0.7704798662775446
-1.4715066929219252,1.9397569507425847,0.02925587575941879,0.0025880845065461085,-0.7589003052246562,-0.11010280211375503,0.7704798662775446
-1.2391198450512348,1.8164276159289166,-0.010322226930456235,0.0028994838129732044,-0.7589003052246562,-0.11010280211375503,0.7704798662775446
-1.106327360553697,1.8164276159289166,-0.012459223797744414,0.0015055386170764456,-0.7589003052246562,-0.11010280211375503,0.7704798662775446
-1.1561245422402735,2.0014216181494184,0.0651889990843304,0.006997128778166455,-0.7589003052246562,-0.11010280211375503,0.7704798662775446
-1.1229264211158898,2.0014216181494184,0.08592075231248299,0.005700255824152394,-0.7589003052246562,-0.11010280211375503,0.7704798662775446
-1.1561245422402735,2.042531396420641,0.07753255794330803,0.007443269641394992,-0.7589003052246562,-0.11010280211375503,0.7704798662775446
-1.1229264211158898,2.042531396420641,0.08187929009706889,0.006332398289607568,-0.7589003052246562,-0.11010280211375503,0.7704798662775446
-1.0731292394293133,2.0219765072850295,0.08760742368794322,0.00183883157685507,-0.7589003052246562,-0.11010280211375503,0.7704798662775446
-1.371912329548772,2.145305842098698,0.048513782302919584,0.005907445998641093,-0.7589003052246562,-0.11010280211375503,0.7704798662775446
-1.5047048140463093,2.309744955183588,0.03985248986291681,0.0005217317913122635,-0.7589003052246562,-0.11010280211375503,0.7704798662775446
-1.371912329548772,2.309744955183588,0.044950942972719315,0.004692068211181596,-0.7589003052246562,-0.11010280211375503,0.7704798662775446
-1.2391198450512348,2.145305842098698,0.06426006981743522,0.006056200852153662,-0.7589003052246562,-0.11010280211375503,0.7704798662775446
-1.106327360553697,2.145305842098698,0.06613955618904206,0.0056464719936519785,-0.7589003052246562,-0.11010280211375503,0.7704798662775446
-1.2391198450512348,2.309744955183588,0.05522722196861278,0.006247853684914581,-0.7589003052246562,-0.11010280211375503,0.7704798662775446
-1.106327360553697,2.309744955183588,0.04821607044083534,0.0035232824919293085,-0.7589003052246562,-0.11010280211375503,0.7704798662775446
-1.5047048140463093,2.474184068268478,0.030615118758986187,6.431801183667204e-05,-0.7589003052246562,-0.11010280211375503,0.7704798662775446
-1.371912329548772,2.474184068268478,0.03865321281521469,6.4258041984486e-05,-0.7589003052246562,-0.11010280211375503,0.7704798662775446
-1.537902935170694,2.5975134030821456,0.022480652321639438,3.7256954765390586e-05,-0.7589003052246562,-0.11010280211375503,0.7704798662775446
-1.4715066929219252,2.5975134030821456,0.02465596708087873,2.8904596267925066e-05,-0.7589003052246562,-0.11010280211375503,0.7704798662775446
-1.537902935170694,2.679732959624591,0.011757613259702485,3.6980669440303174e-05,-0.7589003052246562,-0.11010280211375503,0.7704798662775446
-1.4715066929219252,2.679732959624591,0.016623743854557792,2.4563709189009356e-05,-0.7589003052246562,-0.11010280211375503,0.7704798662775446
-1.371912329548772,2.6386231813533687,0.025644843485993895,3.823379198439718e-05,-0.7589003052246562,-0.11010280211375503,0.7704798662775446
-1.2391198450512348,2.474184068268478,0.04296341635031495,0.00011000421595808678,-0.7589003052246562,-0.11010280211375503,0.7704798662775446
-1.106327360553697,2.474184068268478,0.04012642757145692,0.0010800316823639116,-0.7589003052246562,-0.11010280211375503,0.7704798662775446
-1.2391198450512348,2.6386231813533687,0.029175990066750347,4.274325502142713e-05,-0.7589003052246562,-0.11010280211375503,0.7704798662775446
-1.106327360553697,2.6386231813533687,0.02917424586203854,6.976926434892907e-05,-0.7589003052246562,-0.11010280211375503,0.7704798662775446
-1.438308571797541,2.885281850980704,0.011091544804136022,4.51246538114861e-05,-0.7589003052246562,-0.11010280211375503,0.7704798662775446
-1.1727236028024663,2.885281850980704,0.01879522922849898,6.0658678353650996e-05,-0.7589003052246562,-0.11010280211375503,0.7704798662775446
-1.3055160873000031,3.3785991902353754,0.0074924642485806586,0.0009283533823864975,-0.7589003052246562,-0.11010280211375503,0.7704798662775446
-1.3055160873000031,4.026078198007131,0.0009267060829548385,0.002883019661597005,-0.7589003052246562,-0.11010280211375503,0.7704798662775446
-0.7743461493098539,-1.2256959761415547,0.0030603946430200956,0.004095125847148711,-0.7589003052246562,-0.11010280211375503,0.7704798662775446
-0.7743461493098539,-0.5679395238019933,0.0022850820720413285,0.00470336190483875,-0.7589003052246562,-0.11010280211375503,0.7704798662775446
-0.7743461493098539,0.08981692853756795,-0.0043112395834205485,0.003804607778025544,-0.7589003052246562,-0.11010280211375503,0.7704798662775446
-0.9071386338073908,0.583134267792239,-0.010925743637618564,0.004031310361588006,-0.7589003052246562,-0.11010280211375503,0.7704798662775446
-0.7079499070610846,0.500914711249794,-0.010279290632136104,0.00011637525791477063,-0.7589003052246562,-0.11010280211375503,0.7704798662775446
-0.5751574225635477,0.500914711249794,-0.024239931744656842,9.714662067059314e-05,-0.7589003052246562,-0.11010280211375503,0.7704798662775446
-0.7079499070610846,0.6653538243346844,-0.019099312178601318,0.0001433908314553701,-0.7589003052246562,-0.11010280211375503,0.7704798662775446
-0.5751574225635477,0.6653538243346844,-0.02402740208975377,2.2531024097589106e-05,-0.7589003052246562,-0.11010280211375503,0.7704798662775446
-0.9735348760561601,0.8297929374195746,-0.01665579866506829,0.0063064224656808115,-0.7589003052246562,-0.11010280211375503,0.7704798662775446
-0.8407423915586223,0.8297929374195746,-0.024281006573154868,0.003299687308604,-0.7589003052246562,-0.11010280211375503,0.7704798662775446
-0.9735348760561601,0.994232050504465,-0.024873653312701353,0.005376999191672871,-0.7589003052246562,-0.11010280211375503,0.7704798662775446
-0.8407423915586223,0.994232050504465,-0.031077287115513712,0.0030614806074393897,-0.7589003052246562,-0.11010280211375503,0.7704798662775446
-0.7079499070610846,0.8297929374195746,-0.022451712599216852,8.243642345749331e-05,-0.7589003052246562,-0.11010280211375503,0.7704798662775446
-0.5751574225635477,0.8297929374195746,-0.021318950335538378,3.6837691901590004e-05,-0.7589003052246562,-0.11010280211375503,0.7704798662775446
-0.7079499070610846,0.994232050504465,-0.040892918519292,0.0001511129711687274,-0.7589003052246562,-0.11010280211375503,0.7704798662775446
-0.5751574225635477,0.994232050504465,-0.040966198542934436,0.00010469473737505912,-0.7589003052246562,-0.11010280211375503,0.7704798662775446
-0.9735348760561601,1.1586711635893554,-0.027158326798021912,0.006261312740978038,-0.7589003052246562,-0.11010280211375503,0.7704798662775446
-0.8407423915586223,1.1586711635893554,-0.03815965748237782,0.007161727578864385,-0.7589003052246562,-0.11010280211375503,0.7704798662775446
-0.9735348760561601,1.3231102766742455,-0.03136777386151767,0.0068736349495822115,-0.7589003052246562,-0.11010280211375503,0.7704798662775446
-0.8407423915586223,1.3231102766742455,-0.04248028667553982,0.006360568214116167,-0.7589003052246562,-0.11010280211375503,0.7704798662775446
-0.6415536648123161,1.2408907201318007,-0.05033876796354522,0.0026895090436537127,-0.7589003052246562,-0.11010280211375503,0.7704798662775446
-0.9735348760561601,1.4875493897591359,-0.03013094465908924,0.001995947550413277,-0.7589003052246562,-0.11010280211375503,0.7704798662775446
-0.8407423915586223,1.4875493897591359,-0.04131595767768292,0.005760566623887932,-0.7589003052246562,-0.11010280211375503,0.7704798662775446
-0.9735348760561601,1.6519885028440262,-0.02359345791538338,9.340942888595365e-05,-0.7589003052246562,-0.11010280211375503,0.7704798662775446
-0.8407423915586223,1.6519885028440262,-0.04215798338389801,0.00010152108887715818,-0.7589003052246562,-0.11010280211375503,0.7704798662775446
-0.7079499070610846,1.4875493897591359,-0.051188777691343924,0.0019982130785174963,-0.7589003052246562,-0.11010280211375503,0.7704798662775446
-0.5751574225635477,1.4875493897591359,-0.06067567448289525,8.96697313700736e-05,-0.7589003052246562,-0.11010280211375503,0.7704798662775446
-0.7079499070610846,1.6519885028440262,-0.05511673962890608,9.867935485042886e-05,-0.7589003052246562,-0.11010280211375503,0.7704798662775446
-0.6083555436879314,1.610878724572804,-0.05747887083861486,0.0001360274199091546,-0.7589003052246562,-0.11010280211375503,0.7704798662775446
-0.541959301439163,1.610878724572804,-0.05837742875138722,9.630676396320495e-05,-0.7589003052246562,-0.11010280211375503,0.7704798662775446
-0.6083555436879314,1.693098281115249,-0.06342465213108339,0.00013900092564117535,-0.7589003052246562,-0.11010280211375503,0.7704798662775446
-0.873940512683007,1.7753178376576944,-0.03741808727144977,8.269154436315629e-05,-0.7589003052246562,-0.11010280211375503,0.7704798662775446
-0.8075442704342377,1.7753178376576944,-0.047788515263377164,9.555698860853182e-05,-0.7589003052246562,-0.11010280211375503,0.7704798662775446
-1.0067329971805439,2.0219765072850295,0.07407874964953262,0.00015143231132345452,-0.7589003052246562,-0.11010280211375503,0.7704798662775446
-0.9403367549317755,2.0219765072850295,0.06264871334337907,0.00015565452249387856,-0.7589003052246562,-0.11010280211375503,0.7704798662775446
-0.8407423915586223,1.980866729013807,0.057808243197482546,0.0032520415073297834,-0.7589003052246562,-0.11010280211375503,0.7704798662775446
-0.7577470887476612,1.7547629485220828,-0.05484101292654912,9.670484027700417e-05,-0.7589003052246562,-0.11010280211375503,0.7704798662775446
-0.7245489676232774,1.7547629485220828,-0.06563693052668898,0.00010333929097217843,-0.7589003052246562,-0.11010280211375503,0.7704798662775446
-0.6747517859367008,1.8575373942001392,0.0623583395499629,0.00018620147498379957,-0.7589003052246562,-0.11010280211375503,0.7704798662775446
-0.7079499070610846,1.980866729013807,0.06256828743370613,0.005569252198774243,-0.7589003052246562,-0.11010280211375503,0.7704798662775446
-0.5751574225635477,1.980866729013807,0.060165708057127974,0.006097704892553983,-0.7589003052246562,-0.11010280211375503,0.7704798662775446
-0.9071386338073908,2.2275253986411427,0.061176082233352365,0.00376179438198515,-0.7589003052246562,-0.11010280211375503,0.7704798662775446
-0.7411480281854692,2.104196063827475,0.06409033777301672,0.004288472575842744,-0.7589003052246562,-0.11010280211375503,0.7704798662775446
-0.6747517859367008,2.104196063827475,0.06257787333495299,0.0024340611283612716,-0.7589003052246562,-0.11010280211375503,0.7704798662775446
-0.7411480281854692,2.18641562036992,0.07086141993988407,0.002328923448283098,-0.7589003052246562,-0.11010280211375503,0.7704798662775446
-0.6747517859367008,2.18641562036992,0.06337337065025225,0.00010622050193704791,-0.7589003052246562,-0.11010280211375503,0.7704798662775446
-0.5751574225635477,2.145305842098698,0.056764975931869084,0.0031573303772384712,-0.7589003052246562,-0.11010280211375503,0.7704798662775446
-0.7411480281854692,2.2686351769123654,0.03076558120265251,0.0001441755840515606,-0.7589003052246562,-0.11010280211375503,0.7704798662775446
-0.6747517859367008,2.2686351769123654,0.0476759684357946,0.00013916358912263507,-0.7589003052246562,-0.11010280211375503,0.7704798662775446
-0.7411480281854692,2.35085473345481,0.024602190343660863,0.0001224823025287444,-0.7589003052246562,-0.11010280211375503,0.7704798662775446
-0.6747517859367008,2.35085473345481,0.04362230825985104,0.00011560802882225087,-0.7589003052246562,-0.11010280211375503,0.7704798662775446
-0.5751574225635477,2.309744955183588,0.05040376288467842,0.0048293339906121105,-0.7589003052246562,-0.11010280211375503,0.7704798662775446
-0.9735348760561601,2.474184068268478,0.044099883748713306,0.00016787482148836273,-0.7589003052246562,-0.11010280211375503,0.7704798662775446
-0.873940512683007,2.4330742899972555,0.03225179009206051,9.403809151963484e-05,-0.7589003052246562,-0.11010280211375503,0.7704798662775446
-0.8075442704342377,2.4330742899972555,0.019940214973220943,0.00012490635432079513,-0.7589003052246562,-0.11010280211375503,0.7704798662775446
-0.873940512683007,2.515293846539701,0.029560211796858766,0.00016666535524862807,-0.7589003052246562,-0.11010280211375503,0.7704798662775446
-0.8075442704342377,2.515293846539701,0.025786962777430623,0.00017244292545755675,-0.7589003052246562,-0.11010280211375503,0.7704798662775446
-0.9735348760561601,2.6386231813533687,0.028354595096235558,9.76120541639537e-05,-0.7589003052246562,-0.11010280211375503,0.7704798662775446
-0.8407423915586223,2.6386231813533687,0.029892352878990964,0.0001316510663795603,-0.7589003052246562,-0.11010280211375503,0.7704798662775446
-0.6415536648123161,2.5564036248109234,0.03584171205481942,0.0007001550208598634,-0.7589003052246562,-0.11010280211375503,0.7704798662775446
-0.9071386338073908,2.885281850980704,0.022601127620939035,9.198280280039939e-05,-0.7589003052246562,-0.11010280211375503,0.7704798662775446
-0.6415536648123161,2.885281850980704,0.026188212534224722,0.000896489627220302,-0.7589003052246562,-0.11010280211375503,0.7704798662775446
-0.7743461493098539,3.3785991902353754,0.011825573454279146,0.0026067448493380728,-0.7589003052246562,-0.11010280211375503,0.7704798662775446
-0.7743461493098539,4.026078198007131,0.0016456871709028,0.003522284308819718,-0.7589003052246562,-0.11010280211375503,0.7704798662775446
-0.24317621131970374,-1.2256959761415547,0.0032444295992072898,0.0029245628296876527,-0.7589003052246562,-0.11010280211375503,0.7704798662775446
-0.3759686958172415,-0.7323786368868836,0.001964908822326779,0.005301061454448183,-0.7589003052246562,-0.11010280211375503,0.7704798662775446
-0.11038372682216686,-0.7323786368868836,0.0011398720956373894,0.005578899843041467,-0.7589003052246562,-0.11010280211375503,0.7704798662775446
-0.3759686958172415,-0.403500410717103,0.005824519559897224,0.0018502205493172944,-0.7589003052246562,-0.11010280211375503,0.7704798662775446
-0.11038372682216686,-0.403500410717103,0.01129862986234184,0.005790444152199666,-0.7589003052246562,-0.11010280211375503,0.7704798662775446
-0.44236493806600996,-0.15684174108976753,0.0032852213001150765,0.00010805938781806908,-0.7589003052246562,-0.11010280211375503,0.7704798662775446
-0.3095724535684722,-0.15684174108976753,0.0010427035341378991,0.0023278841708931574,-0.7589003052246562,-0.11010280211375503,0.7704798662775446
-0.44236493806600996,0.007597371995122785,0.004348529485638821,6.176876386739422e-05,-0.7589003052246562,-0.11010280211375503,0.7704798662775446
-0.3095724535684722,0.007597371995122785,0.010043687340845946,0.00017218024422162764,-0.7589003052246562,-0.11010280211375503,0.7704798662775446
-0.20997809019531996,-0.19795151936099,0.03789664264736869,0.0029600651333906458,-0.7589003052246562,-0.11010280211375503,0.7704798662775446
-0.14358184794655063,-0.19795151936099,0.010118824580587988,0.0023492252957628616,-0.7589003052246562,-0.11010280211375503,0.7704798662775446
-0.20997809019531996,-0.11573196281854485,0.00440029184973228,0.0069178837158092145,-0.7589003052246562,-0.11010280211375503,0.7704798662775446
-0.14358184794655063,-0.11573196281854485,0.009003220820265575,0.007377970766610323,-0.7589003052246562,-0.11010280211375503,0.7704798662775446
-0.043987484573397524,-0.15684174108976753,0.01894382934468739,0.004705588062974317,-0.7589003052246562,-0.11010280211375503,0.7704798662775446
-0.1767799690709353,0.007597371995122785,0.02367682356942184,0.003765500538870836,-0.7589003052246562,-0.11010280211375503,0.7704798662775446
-0.043987484573397524,0.007597371995122785,0.018621594007198282,0.00019174065228386638,-0.7589003052246562,-0.11010280211375503,0.7704798662775446
-0.3759686958172415,0.2542560416224585,0.0005139043931641011,0.0016624453294763056,-0.7589003052246562,-0.11010280211375503,0.7704798662775446
-0.11038372682216686,0.2542560416224585,0.012464698773026849,0.002758155584894133,-0.7589003052246562,-0.11010280211375503,0.7704798662775446
-0.3759686958172415,0.583134267792239,-0.016126853485239394,0.0022782035151705264,-0.7589003052246562,-0.11010280211375503,0.7704798662775446
-0.11038372682216686,0.583134267792239,-0.0050500973287193295,0.004682335596546265,-0.7589003052246562,-0.11010280211375503,0.7704798662775446
-0.44236493806600996,0.8297929374195746,-0.01833783162276438,0.0001329572039650016,-0.7589003052246562,-0.11010280211375503,0.7704798662775446
-0.3095724535684722,0.8297929374195746,-0.014111247262812321,0.00011155265498929481,-0.7589003052246562,-0.11010280211375503,0.7704798662775446
-0.44236493806600996,0.994232050504465,-0.039258242422598455,0.00014074185002014588,-0.7589003052246562,-0.11010280211375503,0.7704798662775446
-0.3427705746928568,0.9531222722332423,-0.029357838249643997,0.00010959674491277755,-0.7589003052246562,-0.11010280211375503,0.7704798662775446
-0.2763743324440884,0.9531222722332423,-0.02585404723137688,0.0001264874319932151,-0.7589003052246562,-0.11010280211375503,0.7704798662775446
-0.3427705746928568,1.0353418287756877,-0.047797054921575224,0.0001007794823801217,-0.7589003052246562,-0.11010280211375503,0.7704798662775446
-0.2763743324440884,1.0353418287756877,-0.04817079873259028,0.00010907390820875475,-0.7589003052246562,-0.11010280211375503,0.7704798662775446
-0.1767799690709353,0.8297929374195746,-0.014643391397385894,0.00011336488791591512,-0.7589003052246562,-0.11010280211375503,0.7704798662775446
-0.043987484573397524,0.8297929374195746,-0.020018059215240417,0.00018199854233388727,-0.7589003052246562,-0.11010280211375503,0.7704798662775446
-0.1767799690709353,0.994232050504465,-0.02776303714011279,0.0016869027169715168,-0.7589003052246562,-0.11010280211375503,0.7704798662775446
-0.043987484573397524,0.994232050504465,-0.014327687958348247,0.00013316596876059724,-0.7589003052246562,-0.11010280211375503,0.7704798662775446
-0.44236493806600996,1.1586711635893554,-0.04716593272720793,8.423545495303013e-05,-0.7589003052246562,-0.11010280211375503,0.7704798662775446
-0.3095724535684722,1.1586711635893554,-0.04800163732285052,6.996621701147816e-05,-0.7589003052246562,-0.11010280211375503,0.7704798662775446
-0.44236493806600996,1.3231102766742455,-0.05546831528225867,8.158461637157505e-05,-0.7589003052246562,-0.11010280211375503,0.7704798662775446
-0.3095724535684722,1.3231102766742455,-0.05830473417418526,6.794117392452629e-05,-0.7589003052246562,-0.11010280211375503,0.7704798662775446
-0.1767799690709353,1.1586711635893554,-0.04290774044652661,0.00010824554562364063,-0.7589003052246562,-0.11010280211375503,0.7704798662775446
-0.0771856056977822,1.1175613853181325,-0.03604406688224485,0.00011610515499124045,-0.7589003052246562,-0.11010280211375503,0.7704798662775446
-0.010789363449013763,1.1175613853181325,-0.02507752170252417,0.00010716765262605587,-0.7589003052246562,-0.11010280211375503,0.7704798662775446
-0.0771856056977822,1.199780941860578,-0.04680297920513178,7.292580546056897e-05,-0.7589003052246562,-0.11010280211375503,0.7704798662775446
-0.010789363449013763,1.199780941860578,-0.038280481940903346,5.4755843577341736e-05,-0.7589003052246562,-0.11010280211375503,0.7704798662775446
-0.1767799690709353,1.3231102766742455,-0.055933250871947365,8.529333047356713e-05,-0.7589003052246562,-0.11010280211375503,0.7704798662775446
-0.043987484573397524,1.3231102766742455,-0.04375066049279711,0.00012832591197244072,-0.7589003052246562,-0.11010280211375503,0.7704798662775446
-0.44236493806600996,1.4875493897591359,-0.05485331777496053,6.556078543951573e-05,-0.7589003052246562,-0.11010280211375503,0.7704798662775446
-0.3427705746928568,1.4464396114879132,-0.06390591185718972,5.916424393211936e-05,-0.7589003052246562,-0.11010280211375503,0.7704798662775446
-0.2763743324440884,1.4464396114879132,-0.07446330804942085,9.602048185898588e-05,-0.7589003052246562,-0.11010280211375503,0.7704798662775446
-0.3427705746928568,1.5286591680303587,-0.05584479624412537,0.00010657323550150943,-0.7589003052246562,-0.11010280211375503,0.7704798662775446
-0.2763743324440884,1.5286591680303587,-0.07805092528557521,0.00013609263648535136,-0.7589003052246562,-0.11010280211375503,0.7704798662775446
-0.20997809019531996,1.4464396114879132,-0.07773265707647349,8.916108827141841e-05,-0.7589003052246562,-0.11010280211375503,0.7704798662775446
-0.14358184794655063,1.4464396114879132,-0.06940642624868389,9.638876146667548e-05,-0.7589003052246562,-0.11010280211375503,0.7704798662775446
-0.22657715075751184,1.5081042788947476,-0.11108960374291015,0.00016170083719179048,-0.7589003052246562,-0.11010280211375503,0.7704798662775446
-0.19337902963312717,1.5081042788947476,-0.10419063928851127,0.00013403709506600776,-0.7589003052246562,-0.11010280211375503,0.7704798662775446
-0.22657715075751184,1.5492140571659698,-0.139675641275443,0.0001595814961287823,-0.7589003052246562,-0.11010280211375503,0.7704798662775446
-0.19337902963312717,1.5492140571659698,-0.12903920393490528,0.00016884220358016834,-0.7589003052246562,-0.11010280211375503,0.7704798662775446
-0.14358184794655063,1.5286591680303587,-0.09138900179152822,0.00011330293630277675,-0.7589003052246562,-0.11010280211375503,0.7704798662775446
-0.20997809019531996,1.693098281115249,0.06496431048958828,0.00015185183709028356,-0.7589003052246562,-0.11010280211375503,0.7704798662775446
-0.14358184794655063,1.693098281115249,0.06132029201381401,0.0001284744449837504,-0.7589003052246562,-0.11010280211375503,0.7704798662775446
-0.043987484573397524,1.6519885028440262,0.0615130525546229,0.0013896827504952765,-0.7589003052246562,-0.11010280211375503,0.7704798662775446
-0.3759686958172415,1.898647172471362,0.0643416556006466,0.003207399264787903,-0.7589003052246562,-0.11010280211375503,0.7704798662775446
-0.11038372682216686,1.898647172471362,0.05596366070223907,0.0042146069823388605,-0.7589003052246562,-0.11010280211375503,0.7704798662775446
-0.3759686958172415,2.2275253986411427,0.05542609456031761,0.0025171257913665654,-0.7589003052246562,-0.11010280211375503,0.7704798662775446
-0.1767799690709353,2.145305842098698,0.05372832040476807,0.004513593633391191,-0.7589003052246562,-0.11010280211375503,0.7704798662775446
-0.043987484573397524,2.145305842098698,0.04861441910259147,0.006166427600829462,-0.7589003052246562,-0.11010280211375503,0.7704798662775446
-0.1767799690709353,2.309744955183588,0.04484961533529072,0.0049612612647600115,-0.7589003052246562,-0.11010280211375503,0.7704798662775446
-0.043987484573397524,2.309744955183588,0.04207809561414833,0.005685614838617498,-0.7589003052246562,-0.11010280211375503,0.7704798662775446
-0.3759686958172415,2.5564036248109234,0.03992604849636448,0.00168985699333798,-0.7589003052246562,-0.11010280211375503,0.7704798662775446
-0.11038372682216686,2.5564036248109234,0.038287377824272543,0.0039086691677891585,-0.7589003052246562,-0.11010280211375503,0.7704798662775446
-0.3759686958172415,2.885281850980704,0.02933397992825225,0.0021683143417661212,-0.7589003052246562,-0.11010280211375503,0.7704798662775446
-0.11038372682216686,2.885281850980704,0.03030790762105709,0.00011014342404407633,-0.7589003052246562,-0.11010280211375503,0.7704798662775446
-0.24317621131970374,3.3785991902353754,0.017447154202034902,0.0025392157170005193,-0.7589003052246562,-0.11010280211375503,0.7704798662775446
-0.24317621131970374,4.026078198007131,0.0057665508496177655,0.005638075425215265,-0.7589003052246562,-0.11010280211375503,0.7704798662775446
0.28799372667044554,-1.2256959761415547,0.0044138195422888556,0.0009252149454140704,-0.7589003052246562,-0.11010280211375503,0.7704798662775446
0.28799372667044554,-0.5679395238019933,0.008886379208796211,0.00402297196833673,-0.7589003052246562,-0.11010280211375503,0.7704798662775446
0.15520124217290868,-0.07462218454732238,0.01983292222005148,0.0035015823185078907,-0.7589003052246562,-0.11010280211375503,0.7704798662775446
0.4207862111679833,-0.07462218454732238,0.017123017131660225,0.003913869523774097,-0.7589003052246562,-0.11010280211375503,0.7704798662775446
0.15520124217290868,0.2542560416224585,0.016455993959870022,0.0048851789902731755,-0.7589003052246562,-0.11010280211375503,0.7704798662775446
0.35438996891921487,0.17203648508001335,0.017361138198244953,0.003758412668783192,-0.7589003052246562,-0.11010280211375503,0.7704798662775446
0.48718245341675176,0.17203648508001335,0.02006851339145431,0.00017050381141728047,-0.7589003052246562,-0.11010280211375503,0.7704798662775446
0.35438996891921487,0.3364755981649037,0.029517472063353273,0.0070450665616697775,-0.7589003052246562,-0.11010280211375503,0.7704798662775446
0.48718245341675176,0.3364755981649037,0.0382009223265353,0.004874621641162961,-0.7589003052246562,-0.11010280211375503,0.7704798662775446
0.15520124217290868,0.583134267792239,0.004399174590287085,0.00434373733076457,-0.7589003052246562,-0.11010280211375503,0.7704798662775446
0.35438996891921487,0.500914711249794,0.029560791980906338,0.0035812001470029936,-0.7589003052246562,-0.11010280211375503,0.7704798662775446
0.453984332292368,0.4598049329785713,0.04491578419123557,0.00012287725340188942,-0.7589003052246562,-0.11010280211375503,0.7704798662775446
0.5203805745411364,0.4598049329785713,0.05718195912508073,0.0001163965014705025,-0.7589003052246562,-0.11010280211375503,0.7704798662775446
0.453984332292368,0.5420244895210167,0.04629204086131667,8.146023650954271e-05,-0.7589003052246562,-0.11010280211375503,0.7704798662775446
0.5203805745411364,0.5420244895210167,0.05480987693006449,7.948323387209134e-05,-0.7589003052246562,-0.11010280211375503,0.7704798662775446
0.32119184779483023,0.6242440460634616,0.022295363675169693,0.00016242475793990286,-0.7589003052246562,-0.11010280211375503,0.7704798662775446
0.3875880900435986,0.6242440460634616,0.03443440013160899,0.00012346698998268632,-0.7589003052246562,-0.11010280211375503,0.7704798662775446
0.32119184779483023,0.706463602605907,0.015736030875284048,9.461971525968222e-05,-0.7589003052246562,-0.11010280211375503,0.7704798662775446
0.3875880900435986,0.706463602605907,0.04130286495981587,9.834577480582117e-05,-0.7589003052246562,-0.11010280211375503,0.7704798662775446
0.48718245341675176,0.6653538243346844,0.050392483722609245,0.00011101887706181128,-0.7589003052246562,-0.11010280211375503,0.7704798662775446
0.08880499992413934,0.8297929374195746,-0.00416662437055099,0.00010085247772068316,-0.7589003052246562,-0.11010280211375503,0.7704798662775446
0.22159748442167712,0.8297929374195746,0.016025168198606016,8.022859501881012e-05,-0.7589003052246562,-0.11010280211375503,0.7704798662775446
0.08880499992413934,0.994232050504465,-0.004218048891668573,0.00010850569662202931,-0.7589003052246562,-0.11010280211375503,0.7704798662775446
0.22159748442167712,0.994232050504465,0.017065934180286863,0.0001073371873065112,-0.7589003052246562,-0.11010280211375503,0.7704798662775446
0.35438996891921487,0.8297929374195746,0.03275872778195621,0.00010975833796945775,-0.7589003052246562,-0.11010280211375503,0.7704798662775446
0.453984332292368,0.788683159148352,0.03624769278269504,0.00015853423789945653,-0.7589003052246562,-0.11010280211375503,0.7704798662775446
0.5203805745411364,0.788683159148352,0.056558217599887904,0.00013815883498306044,-0.7589003052246562,-0.11010280211375503,0.7704798662775446
0.453984332292368,0.8709027156907974,0.05016307069175822,0.00012412951169304872,-0.7589003052246562,-0.11010280211375503,0.7704798662775446
0.5203805745411364,0.8709027156907974,0.057091567665211916,0.00010691142562481971,-0.7589003052246562,-0.11010280211375503,0.7704798662775446
0.35438996891921487,0.994232050504465,0.039863739715992434,0.00015351981920417733,-0.7589003052246562,-0.11010280211375503,0.7704798662775446
0.453984332292368,0.9531222722332423,0.054682930157624515,0.00016821557062384013,-0.7589003052246562,-0.11010280211375503,0.7704798662775446
0.5203805745411364,0.9531222722332423,0.04441208362511874,0.00018455797095166799,-0.7589003052246562,-0.11010280211375503,0.7704798662775446
0.453984332292368,1.0353418287756877,0.03655465174217384,0.0026086832628990763,-0.7589003052246562,-0.11010280211375503,0.7704798662775446
0.5203805745411364,1.0353418287756877,0.03509434142533728,0.005670842738460201,-0.7589003052246562,-0.11010280211375503,0.7704798662775446
0.05560687879975558,1.1175613853181325,-0.011569651933309243,0.00010834630089466806,-0.7589003052246562,-0.11010280211375503,0.7704798662775446
0.12200312104852401,1.1175613853181325,-0.005854651463052845,0.0001022082954220348,-0.7589003052246562,-0.11010280211375503,0.7704798662775446
0.05560687879975558,1.199780941860578,-0.026217803083568633,0.00011557623690601509,-0.7589003052246562,-0.11010280211375503,0.7704798662775446
0.12200312104852401,1.199780941860578,-0.0072407138865049235,8.718228618503425e-05,-0.7589003052246562,-0.11010280211375503,0.7704798662775446
0.22159748442167712,1.1586711635893554,0.012922162041230261,0.00010909126002001117,-0.7589003052246562,-0.11010280211375503,0.7704798662775446
0.05560687879975558,1.2820004984030229,-0.02303281252449283,8.160105665401983e-05,-0.7589003052246562,-0.11010280211375503,0.7704798662775446
0.12200312104852401,1.2820004984030229,-0.01831852437063206,9.878815800677211e-05,-0.7589003052246562,-0.11010280211375503,0.7704798662775446
0.05560687879975558,1.3642200549454684,-0.02777093145091135,0.00011035662233773317,-0.7589003052246562,-0.11010280211375503,0.7704798662775446
0.12200312104852401,1.3642200549454684,-0.028036762569500863,0.00011274003388721538,-0.7589003052246562,-0.11010280211375503,0.7704798662775446
0.35438996891921487,1.1586711635893554,0.024341913283220995,0.00022084953310595745,-0.7589003052246562,-0.11010280211375503,0.7704798662775446
0.48718245341675176,1.3231102766742455,0.03863327203621023,0.002152344170893873,-0.7589003052246562,-0.11010280211375503,0.7704798662775446
0.05560687879975558,1.610878724572804,0.07944922211868986,0.00012032301547816865,-0.7589003052246562,-0.11010280211375503,0.7704798662775446
0.12200312104852401,1.610878724572804,0.059465928374766865,0.00015872347680055357,-0.7589003052246562,-0.11010280211375503,0.7704798662775446
0.05560687879975558,1.693098281115249,0.0661502663639925,0.00021962831551733674,-0.7589003052246562,-0.11010280211375503,0.7704798662775446
0.12200312104852401,1.693098281115249,0.04843719826958328,0.0035255837841370085,-0.7589003052246562,-0.11010280211375503,0.7704798662775446
0.22159748442167712,1.6519885028440262,0.053146459042630725,0.005252897014741807,-0.7589003052246562,-0.11010280211375503,0.7704798662775446
0.4207862111679833,1.5697689463015814,0.045626273667944264,0.0057877302043278294,-0.7589003052246562,-0.11010280211375503,0.7704798662775446
0.15520124217290868,1.898647172471362,0.04836103615845194,0.004655332567935081,-0.7589003052246562,-0.11010280211375503,0.7704798662775446
0.4207862111679833,1.898647172471362,0.04307676424885558,0.0046802012722762945,-0.7589003052246562,-0.11010280211375503,0.7704798662775446
0.15520124217290868,2.2275253986411427,0.041478455191268526,0.003682650808141564,-0.7589003052246562,-0.11010280211375503,0.7704798662775446
0.4207862111679833,2.2275253986411427,0.04202823230842505,0.00011412770400070304,-0.7589003052246562,-0.11010280211375503,0.7704798662775446
0.15520124217290868,2.5564036248109234,0.036004010355195716,0.0007627854179666721,-0.7589003052246562,-0.11010280211375503,0.7704798662775446
0.4207862111679833,2.5564036248109234,0.036333096257531894,0.0010817786198187,-0.7589003052246562,-0.11010280211375503,0.7704798662775446
0.15520124217290868,2.885281850980704,0.025428892110695517,8.583381901122694e-05,-0.7589003052246562,-0.11010280211375503,0.7704798662775446
0.4207862111679833,2.885281850980704,0.024598215148485637,0.0009994180419037606,-0.7589003052246562,-0.11010280211375503,0.7704798662775446
0.28799372667044554,3.3785991902353754,0.018162317110418623,0.0024736214114294396,-0.7589003052246562,-0.11010280211375503,0.7704798662775446
0.28799372667044554,4.026078198007131,0.007703544492860066,0.0024140059908076615,-0.7589003052246562,-0.11010280211375503,0.7704798662775446
0.8191636646605958,-1.2256959761415547,0.0003341359574021238,0.004457537758215807,-0.7589003052246562,-0.11010280211375503,0.7704798662775446
0.8191636646605958,-0.5679395238019933,0.004426148030965598,0.006147001212411784,-0.7589003052246562,-0.11010280211375503,0.7704798662775446
0.686371180163058,-0.07462218454732238,0.016052517075589152,0.00491077718500198,-0.7589003052246562,-0.11010280211375503,0.7704798662775446
0.9519561491581326,-0.07462218454732238,0.012164611805051299,0.0032927152062213064,-0.7589003052246562,-0.11010280211375503,0.7704798662775446
0.6199749379142895,0.17203648508001335,0.029484552975184493,0.00015824423145858332,-0.7589003052246562,-0.11010280211375503,0.7704798662775446
0.7527674224118273,0.17203648508001335,0.03302053358416127,0.00012114782374450326,-0.7589003052246562,-0.11010280211375503,0.7704798662775446
0.6199749379142895,0.3364755981649037,0.04261060058003695,0.0001414583679460751,-0.7589003052246562,-0.11010280211375503,0.7704798662775446
0.7527674224118273,0.3364755981649037,0.04907071184053827,8.425385841384063e-05,-0.7589003052246562,-0.11010280211375503,0.7704798662775446
0.8855599069093641,0.17203648508001335,0.03160085466689707,0.00010994496619782043,-0.7589003052246562,-0.11010280211375503,0.7704798662775446
1.018352391406902,0.17203648508001335,0.022374021895243353,0.00011097013623091671,-0.7589003052246562,-0.11010280211375503,0.7704798662775446
0.8855599069093641,0.3364755981649037,0.04781883481829751,7.731678681424367e-05,-0.7589003052246562,-0.11010280211375503,0.7704798662775446
1.018352391406902,0.3364755981649037,0.03375997573534248,8.333332313170153e-05,-0.7589003052246562,-0.11010280211375503,0.7704798662775446
0.6199749379142895,0.500914711249794,0.06488983394210504,8.283373774865722e-05,-0.7589003052246562,-0.11010280211375503,0.7704798662775446
0.7527674224118273,0.500914711249794,0.07032701722800265,7.024821230168197e-05,-0.7589003052246562,-0.11010280211375503,0.7704798662775446
0.6199749379142895,0.6653538243346844,0.06072901490939442,0.0036841073517613534,-0.7589003052246562,-0.11010280211375503,0.7704798662775446
0.7195693012874427,0.6242440460634616,0.08303111456380723,0.00018793340418317523,-0.7589003052246562,-0.11010280211375503,0.7704798662775446
0.7859655435362111,0.6242440460634616,0.09797996866954377,0.003281421446341134,-0.7589003052246562,-0.11010280211375503,0.7704798662775446
0.7195693012874427,0.706463602605907,0.07744481528521076,0.006521642080653866,-0.7589003052246562,-0.11010280211375503,0.7704798662775446
0.7859655435362111,0.706463602605907,0.07938514448624634,0.007717670650904781,-0.7589003052246562,-0.11010280211375503,0.7704798662775446
0.8523617857849795,0.4598049329785713,0.06338355149177913,6.798888257549825e-05,-0.7589003052246562,-0.11010280211375503,0.7704798662775446
0.9187580280337488,0.4598049329785713,0.056411400524360535,8.247757919283753e-05,-0.7589003052246562,-0.11010280211375503,0.7704798662775446
0.8357627252227876,0.5214696003854051,0.07221835595407869,7.093145797971892e-05,-0.7589003052246562,-0.11010280211375503,0.7704798662775446
0.8689608463471723,0.5214696003854051,0.06424265456196178,7.071268279519907e-05,-0.7589003052246562,-0.11010280211375503,0.7704798662775446
0.8357627252227876,0.5625793786566278,0.08727612449601015,0.00010072272105761233,-0.7589003052246562,-0.11010280211375503,0.7704798662775446
0.8689608463471723,0.5625793786566278,0.08034020572546711,0.00011829767802961928,-0.7589003052246562,-0.11010280211375503,0.7704798662775446
0.9187580280337488,0.5420244895210167,0.06550985327795053,7.742548770602483e-05,-0.7589003052246562,-0.11010280211375503,0.7704798662775446
0.8523617857849795,0.6242440460634616,0.10756886527963888,0.00016779111935026457,-0.7589003052246562,-0.11010280211375503,0.7704798662775446
0.8523617857849795,0.706463602605907,0.06227292593057559,0.006813692566169022,-0.7589003052246562,-0.11010280211375503,0.7704798662775446
1.0515505125312856,0.6242440460634616,0.03215104571126609,0.0015283801448335676,-0.7589003052246562,-0.11010280211375503,0.7704798662775446
0.9851542702825172,0.706463602605907,0.03077079588865704,0.007566516862823792,-0.7589003052246562,-0.11010280211375503,0.7704798662775446
1.0515505125312856,0.706463602605907,0.018055812890359468,0.007605314740871947,-0.7589003052246562,-0.11010280211375503,0.7704798662775446
0.6199749379142895,0.8297929374195746,0.05163889919222989,0.00487254174801198,-0.7589003052246562,-0.11010280211375503,0.7704798662775446
0.7195693012874427,0.788683159148352,0.0577302639310126,0.006894568020708802,-0.7589003052246562,-0.11010280211375503,0.7704798662775446
0.7693664829740192,0.7681282700127409,0.06437537524253503,0.007386079307633443,-0.7589003052246562,-0.11010280211375503,0.7704798662775446
0.8025646040984038,0.7681282700127409,0.050343229401246595,0.006782191628407018,-0.7589003052246562,-0.11010280211375503,0.7704798662775446
0.7693664829740192,0.8092380482839635,0.07294516094408195,0.007937597659756792,-0.7589003052246562,-0.11010280211375503,0.7704798662775446
0.8025646040984038,0.8092380482839635,0.04522551497149492,0.006258205362638433,-0.7589003052246562,-0.11010280211375503,0.7704798662775446
0.7195693012874427,0.8709027156907974,0.04640907304858481,0.006357767996688782,-0.7589003052246562,-0.11010280211375503,0.7704798662775446
0.8357627252227876,0.7681282700127409,0.059906767004722236,0.003963441084374386,-0.7589003052246562,-0.11010280211375503,0.7704798662775446
0.9187580280337488,0.8709027156907974,0.017660308634200584,0.0001685206162314241,-0.7589003052246562,-0.11010280211375503,0.7704798662775446
1.018352391406902,0.8297929374195746,0.017779042743716302,0.005053412097939956,-0.7589003052246562,-0.11010280211375503,0.7704798662775446
0.8855599069093641,0.994232050504465,0.036550377492514635,0.00018302610944217435,-0.7589003052246562,-0.11010280211375503,0.7704798662775446
1.018352391406902,0.994232050504465,0.032845275088746566,0.0035988490307066225,-0.7589003052246562,-0.11010280211375503,0.7704798662775446
0.8191636646605958,2.063086285556252,0.03797528117158296,0.004239346286071843,-0.7589003052246562,-0.11010280211375503,0.7704798662775446
0.8191636646605958,2.720842737895814,0.025318857166009224,0.0038048281945193634,-0.7589003052246562,-0.11010280211375503,0.7704798662775446
0.8191636646605958,3.3785991902353754,0.018375771323311717,0.0025043348749697715,-0.7589003052246562,-0.11010280211375503,0.7704798662775446
0.8191636646605958,4.026078198007131,0.007719452733306933,0.0020572287776532594,-0.7589003052246562,-0.11010280211375503,0.7704798662775446
1.350333602650745,-1.2256959761415547,-0.0010718937561419114,0.0054207517494148,-0.7589003052246562,-0.11010280211375503,0.7704798662775446
1.350333602650745,-0.5679395238019933,0.0012658808504829569,0.004487042403733871,-0.7589003052246562,-0.11010280211375503,0.7704798662775446
1.350333602650745,1.405329833216691,0.028982228675824527,0.0048227825446301885,-0.7589003052246562,-0.11010280211375503,0.7704798662775446
1.350333602650745,2.063086285556252,0.02995057969708049,0.003972661172504085,-0.7589003052246562,-0.11010280211375503,0.7704798662775446
1.217541118153208,2.5564036248109234,0.024708366894879263,0.004471660106993621,-0.7589003052246562,-0.11010280211375503,0.7704798662775446
1.4831260871482828,2.5564036248109234,0.015798965286500172,0.003780055373022436,-0.7589003052246562,-0.11010280211375503,0.7704798662775446
1.217541118153208,2.885281850980704,0.026021984957323864,0.003505753508408981,-0.7589003052246562,-0.11010280211375503,0.7704798662775446
1.4831260871482828,2.885281850980704,0.02008038958050145,0.00017519641746730836,-0.7589003052246562,-0.11010280211375503,0.7704798662775446
1.350333602650745,3.3785991902353754,0.01997545686987077,0.001194366327395353,-0.7589003052246562,-0.11010280211375503,0.7704798662775446
1.350333602650745,4.026078198007131,0.011352390402381427,0.002988354548852509,-0.7589003052246562,-0.11010280211375503,0.7704798662775446
1.881503540640895,-1.2256959761415547,-0.002329677507987254,0.0021602440096999288,-0.7589003052246562,-0.11010280211375503,0.7704798662775446
1.881503540640895,-0.5679395238019933,-0.0008233968384110307,0.003725830351440417,-0.7589003052246562,-0.11010280211375503,0.7704798662775446
1.881503540640895,0.08981692853756795,8.633897152434569e-05,0.0026136381787779566,-0.7589003052246562,-0.11010280211375503,0.7704798662775446
1.881503540640895,0.7475733808771292,0.0031605305101043433,0.0023466368682995955,-0.7589003052246562,-0.11010280211375503,0.7704798662775446
1.881503540640895,1.405329833216691,0.017572796672369075,0.0022196603780244837,-0.7589003052246562,-0.11010280211375503,0.7704798662775446
1.881503540640895,2.063086285556252,0.02300723014987662,0.003117438739223568,-0.7589003052246562,-0.11010280211375503,0.7704798662775446
1.881503540640895,2.720842737895814,0.018289943761668086,0.003351237103842429,-0.7589003052246562,-0.11010280211375503,0.7704798662775446
1.881503540640895,3.3785991902353754,0.011830725651521972,0.002732420697930068,-0.7589003052246562,-0.11010280211375503,0.7704798662775446
1.881503540640895,4.026078198007131,0.009676764226716561,0.004062135233367473,-0.7589003052246562,-0.11010280211375503,0.7704798662775446
2.4126734786310444,-1.2256959761415547,0.0002920061578183035,0.0020193028464195136,-0.7589003052246562,-0.11010280211375503,0.7704798662775446
2.4126734786310444,-0.5679395238019933,0.003528070186214757,0.003971947681537366,-0.7589003052246562,-0.11010280211375503,0.7704798662775446
2.4126734786310444,0.08981692853756795,0.0013446430346645485,0.0016365194546028485,-0.7589003052246562,-0.11010280211375503,0.7704798662775446
2.4126734786310444,0.7475733808771292,0.005375640260653661,0.0027781433579452263,-0.7589003052246562,-0.11010280211375503,0.7704798662775446
2.4126734786310444,1.405329833216691,0.010414243544606114,0.001511933124304236,-0.7589003052246562,-0.11010280211375503,0.7704798662775446
2.4126734786310444,2.063086285556252,0.01281703227268153,0.003190847237817774,-0.7589003052246562,-0.11010280211375503,0.7704798662775446
2.4126734786310444,2.720842737895814,0.011370600098886205,0.004376152273868717,-0.7589003052246562,-0.11010280211375503,0.7704798662775446
2.4126734786310444,3.3785991902353754,0.01090685636838322,0.004188436948771771,-0.7589003052246562,-0.11010280211375503,0.7704798662775446
2.4126734786310444,4.026078198007131,0.005992753637570275,0.0038487156690793197,-0.7589003052246562,-0.11010280211375503,0.7704798662775446
2.9438434166211938,-1.2256959761415547,0.0005424677950662522,0.0008794118971220349,-0.7589003052246562,-0.11010280211375503,0.7704798662775446
2.9438434166211938,-0.5679395238019933,0.0019016392232249655,0.0004361048358247866,-0.7589003052246562,-0.11010280211375503,0.7704798662775446
2.9438434166211938,0.08981692853756795,0.002937613711359575,0.005121852147961403,-0.7589003052246562,-0.11010280211375503,0.7704798662775446
2.9438434166211938,0.7475733808771292,0.003347418685231878,0.004452303334324656,-0.7589003052246562,-0.11010280211375503,0.7704798662775446
2.9438434166211938,1.405329833216691,0.006566562030748291,0.0014107736347843268,-0.7589003052246562,-0.11010280211375503,0.7704798662775446
2.9438434166211938,2.063086285556252,0.009501530549499848,0.005737868119157178,-0.7589003052246562,-0.11010280211375503,0.7704798662775446
2.9438434166211938,2.720842737895814,0.012397092894475256,0.0015966467037351322,-0.7589003052246562,-0.11010280211375503,0.7704798662775446
2.9438434166211938,3.3785991902353754,0.0047410216449533,0.004725581378071385,-0.7589003052246562,-0.11010280211375503,0.7704798662775446
2.9438434166211938,4.026078198007131,0.0035388786716506714,0.002195262392620199,-0.7589003052246562,-0.11010280211375503,0.7704798662775446
3.475013354611345,-1.2256959761415547,0.00044540226753878286,0.0014688587638108487,-0.7589003052246562,-0.11010280211375503,0.7704798662775446
3.475013354611345,-0.5679395238019933,0.0013594940932984219,0.0002476359572821778,-0.7589003052246562,-0.11010280211375503,0.7704798662775446
3.475013354611345,0.08981692853756795,0.0012329863085187762,0.0018406889858966124,-0.7589003052246562,-0.11010280211375503,0.7704798662775446
3.475013354611345,0.7475733808771292,0.0057227382335999204,0.0032884743472812437,-0.7589003052246562,-0.11010280211375503,0.7704798662775446
3.475013354611345,1.405329833216691,0.0010952648612434235,0.0017010605173793604,-0.7589003052246562,-0.11010280211375503,0.7704798662775446
3.475013354611345,2.063086285556252,0.0017029858320715872,0.0035491696081227657,-0.7589003052246562,-0.11010280211375503,0.7704798662775446
3.475013354611345,2.720842737895814,0.002585119476187821,0.0022844713779933915,-0.7589003052246562,-0.11010280211375503,0.7704798662775446
3.475013354611345,3.3785991902353754,0.0043296383894196365,0.0037394997277708122,-0.7589003052246562,-0.11010280211375503,0.7704798662775446
3.475013354611345,4.026078198007131,-0.00019936250436580183,0.0019388438503350801,-0.7589003052246562,-0.11010280211375503,0.7704798662775446
3.997883762320398,-1.2256959761415547,-0.0016449920569162446,0.00039083139694698923,-0.7589003052246562,-0.11010280211375503,0.7704798662775446
3.997883762320398,-0.5679395238019933,-0.00042755329989230246,0.0024477244685040577,-0.7589003052246562,-0.11010280211375503,0.7704798662775446
3.997883762320398,0.08981692853756795,-0.002688871444618248,0.0019273140439866022,-0.7589003052246562,-0.11010280211375503,0.7704798662775446
3.997883762320398,0.7475733808771292,-0.00012387595957895258,0.005412266873547555,-0.7589003052246562,-0.11010280211375503,0.7704798662775446
3.997883762320398,1.405329833216691,0.001399496304977767,0.0005921136325639764,-0.7589003052246562,-0.11010280211375503,0.7704798662775446
3.997883762320398,2.063086285556252,-0.0015992968550322126,0.0015844245652751842,-0.7589003052246562,-0.11010280211375503,0.7704798662775446
3.997883762320398,2.720842737895814,8.092096749083056e-05,0.002726908578917606,-0.7589003052246562,-0.11010280211375503,0.7704798662775446
3.997883762320398,3.3785991902353754,-0.00308571126435591,0.00039517862404913945,-0.7589003052246562,-0.11010280211375503,0.7704798662775446
3.997883762320398,4.026078198007131,-0.00393239722033951,0.0006000445206792538,-0.7589003052246562,-0.11010280211375503,0.7704798662775446
