X,Y,ux_mean,uy_mean,uz_mean,ux_var,uy_var,uz_var
-51143.51319906573,-49924.59990803239,3.532919238820066e-43,3.7924597453289605e-05,1.1935058180638684e-15,0.00017258168083446245,4.2337378133080144e-05,0.00018095756434302582
-46616.569107896015,-49924.59990803239,6.301573047578304e-30,0.00012929407863291885,1.8916404729986018e-11,0.00017258168083446245,4.2274216659569194e-05,0.00018095756434302582
-42089.62501672629,-49924.59990803239,2.8438285188453506e-20,0.0002824235502285413,1.7066231708818018e-08,0.00017258168083446245,4.188505294801478e-05,0.00018095756434200307
-37562.680925556575,-49924.59990803239,-1.1602905262607026e-13,0.0003400412947021451,-5.732836858394778e-06,0.00017258168083446245,4.0599819267672544e-05,0.000180957496416273
-33035.73683438685,-49924.59990803239,-9.394164707371923e-08,5.351374298008353e-05,-0.0005738520236874417,0.00017258168048391194,3.773683010958989e-05,0.00018055112866088169
-28508.79274321714,-49924.59990803239,-0.0005350289571805949,-0.0004835346125044288,-0.0028951041173447527,0.00017219539772900933,3.3601400506531496e-05,0.0001443004101837275
-23981.848652047414,-49924.59990803239,-0.003001256398096888,-0.0007000059701694355,-0.011326033817440663,9.091049460392795e-05,3.178086385728239e-05,3.42778135436636e-05
-19454.9045608777,-49924.59990803239,-0.00499188903853682,-0.0002800227766575291,-0.0005425298388669272,2.7760863580343295e-05,3.3596478818313776e-05,8.240053213820709e-06
-14927.960469707983,-49924.59990803239,-0.01056087116642207,0.000228995306076135,0.001931949452231298,2.5062071510870777e-05,3.4889211079826345e-05,5.603374552239722e-06
-10401.016378538267,-49924.59990803239,-0.014662136876749075,-4.5998052031908515e-05,0.003522099584897142,8.7522441770159e-06,2.8683732514235002e-05,2.7190436250865743e-06
-5874.072287368548,-49924.59990803239,-0.013395216306587238,-0.0011977079212899767,-0.0063748488831503886,2.102623880591062e-05,1.2496553298278325e-05,4.049043335483749e-06
-1347.1281961988311,-49924.59990803239,-0.00951517053436178,-0.002249072975720051,-0.003091236252841495,7.1178599166751724e-06,3.92976951961459e-06,2.0230239569966554e-06
3179.8158949708936,-49924.59990803239,-0.0015430317438980233,-0.002297140664899701,-0.0018826249184184587,1.7133328857243886e-05,1.6730036516154806e-05,6.20443350807511e-06
7706.759986140611,-49924.59990803239,-0.002022910908601903,-0.0015270383715453686,0.0010342928943927673,0.00015436960819653628,3.3425010901144834e-05,6.247534039991283e-05
12233.704077310329,-49924.59990803239,-0.00846171505662887,-0.0006297547439981614,0.003725759145776636,2.805808858421499e-05,4.031846828826631e-05,1.1364786618944849e-05
16760.64816848004,-49924.59990803239,0.000419862412056082,6.112400256140689e-05,-0.0005788933344459506,6.59518331212392e-05,4.15566640982487e-05,2.2207328740390242e-05
21287.592259649762,-49924.59990803239,-0.01804455263733773,0.0004885918657986063,-0.0038576253682564704,1.459487069156075e-05,4.1657095488550516e-05,6.331738767383251e-06
25814.536350819486,-49924.59990803239,0.000992076352743251,0.0006273750474551659,-0.011787930771342707,3.806676228498539e-05,4.166749082484588e-05,1.1658206673894716e-05
30341.480441989203,-49924.59990803239,0.0002141403650137274,0.0005704003356171955,-0.007118374050564029,0.00010735909669240654,4.169530927566549e-05,2.4476207494378017e-05
34868.42453315892,-49924.59990803239,-0.0030530515296778205,0.0004930314304496652,0.00019595320213114907,7.363590604887905e-05,4.178204256201748e-05,3.265787277038798e-05
-51143.51319906573,-45361.51998604448,-1.6196662453562156e-36,8.348244674136506e-05,2.4891062256086526e-13,0.00017258168083446245,4.231509404518016e-05,0.00018095756434302582
-46616.569107896015,-45361.51998604448,9.03961816473699e-24,0.0002876121775645196,2.3091205971260356e-09,0.00017258168083446245,4.198432192853378e-05,0.00018095756434301498
-42089.62501672629,-45361.51998604448,5.0623311120118525e-14,0.0006474102791328913,1.7777257055703733e-06,0.00017258168083446245,4.0045720925374736e-05,0.00018095755355849143
-37562.680925556575,-45361.51998604448,5.833773694753528e-08,0.0008598493234253865,6.702961773647737e-05,0.00017258168082889353,3.470149016657168e-05,0.00018088559295487345
-33035.73683438685,-45361.51998604448,7.58851589692035e-06,0.0004017777607537394,-0.0026795291904412443,0.00017257648376812118,2.666476107297035e-05,0.0001690909224657945
-28508.79274321714,-45361.51998604448,-0.003779836332652829,-0.0006363310135662145,-0.01100912310159382,6.412038667342046e-05,1.8190520141300213e-05,2.1258298319266932e-05
-23981.848652047414,-45361.51998604448,-0.008764481760027323,-0.0012127953329960895,-0.003753474163032418,1.0739880193996526e-05,1.4532622512879223e-05,3.293036091001197e-06
-19454.9045608777,-45361.51998604448,-0.004307500479164188,-0.0005614937500944238,-0.003569242098672494,1.3562312922231235e-05,1.7621898714958626e-05,4.449087236279057e-06
-14927.960469707983,-45361.51998604448,-0.012126344216341959,0.0007089565485888238,0.008873729687552623,1.1939406833014172e-05,2.2448663647070955e-05,3.0535333555056342e-06
-10401.016378538267,-45361.51998604448,-0.01440181428208679,0.001230447242981437,0.0021898199715010627,2.1642707354427928e-05,2.0273498619755592e-05,4.576065723112558e-06
-5874.072287368548,-45361.51998604448,-0.006582254884304259,0.00035528326511730015,-0.0038529583480363845,1.3944490752082933e-05,9.605077855316812e-06,3.2807581271154026e-06
-1347.1281961988311,-45361.51998604448,-0.006807267606862996,-0.001099102964207746,-0.000754028163687151,1.9189094623353283e-05,6.4719532261553505e-06,4.343961777167289e-06
3179.8158949708936,-45361.51998604448,0.0033281868776587013,-0.0018685934765907799,-0.0009789974648343764,2.887356382394915e-05,1.950569958422579e-05,8.4508533100565e-06
7706.759986140611,-45361.51998604448,-0.0026278328296488133,-0.0016728504413144386,0.0006577595644112564,3.8499037957123256e-05,3.429102210079282e-05,1.5976392352813742e-05
12233.704077310329,-45361.51998604448,0.006649273470199436,-0.0010228357874729767,0.008354354510557688,2.2153735932551108e-05,4.0362428409050955e-05,9.475027049343315e-06
16760.64816848004,-45361.51998604448,0.006724903369804017,-0.0003467163788157563,-0.003472886011984859,7.313005979832757e-05,4.1489862461993264e-05,1.2916022310161202e-05
21287.592259649762,-45361.51998604448,-0.0031219997253545684,0.00013895521733232267,-0.005135402868181829,2.7899814639939123e-05,4.159297965388567e-05,8.127465644153958e-06
25814.536350819486,-45361.51998604448,0.01251701024617536,0.0003396496910152368,-0.00821471041650048,2.3846513397201977e-05,4.160283633923534e-05,8.257114529799828e-06
30341.480441989203,-45361.51998604448,0.020527687821712066,0.0003694010560969089,0.0060578653641454715,3.41732697390288e-05,4.162295031725661e-05,1.3301735132109036e-05
34868.42453315892,-45361.51998604448,0.008240445140640058,0.0004171924599046901,0.004434647689196741,3.857473359033267e-05,4.169177217950961e-05,1.105271752380486e-05
-51143.51319906573,-40798.44006405657,-5.001656575599545e-31,0.00012105627359480881,1.0770127723130611e-11,0.00017258168083446245,4.227134091693951e-05,0.00018095756434302582
-46616.569107896015,-40798.44006405657,-5.049389877920878e-19,0.0004242283270523277,5.456466925299335e-08,0.00017258168083446245,4.1417201571935745e-05,0.00018095756432963688
-42089.62501672629,-40798.44006405657,-1.0233276439802073e-10,0.0009897236540621903,9.84612668404381e-06,0.0001725816808344624,3.6516327370584045e-05,0.00018095449167663334
-37562.680925556575,-40798.44006405657,1.9403069436260395e-05,0.0014464594042297037,-0.0005826699805964331,0.00017258061442435247,2.431172070254355e-05,0.0001758598753882714
-33035.73683438685,-40798.44006405657,0.005340415078457144,0.001069437674055511,-0.004722615479281716,0.00011027891737584264,1.178178322887893e-05,6.593128532435071e-05
-28508.79274321714,-40798.44006405657,-0.006574001748186868,-0.00019664049752004566,-0.002416277732898965,1.142416935020731e-05,5.200246562637533e-06,4.139234453483817e-06
-23981.848652047414,-40798.44006405657,-0.006166646213363811,-0.001200300973764972,0.0009723422784187613,1.0718964941219296e-05,2.5958546145959604e-06,2.7871752924743824e-06
-19454.9045608777,-40798.44006405657,-0.011911649143842264,-0.0008121226970530943,0.0004901795950112628,1.831920397177698e-05,4.056489624500181e-06,3.7493819538427073e-06
-14927.960469707983,-40798.44006405657,-0.009559455973455415,0.0007958066998853177,-0.0029470042589115134,6.391489157059246e-06,8.534709781969429e-06,1.8261744310865647e-06
-10401.016378538267,-40798.44006405657,-0.014712969151870885,0.0022819094978229412,-0.003487122939767155,7.356334364437886e-06,8.181411903556526e-06,2.2669740980146066e-06
-5874.072287368548,-40798.44006405657,-0.01278963067583655,0.0022901917591981154,-0.0032464352346288222,1.130084854603246e-05,7.312232856863342e-06,2.6447509066529354e-06
-1347.1281961988311,-40798.44006405657,0.001980045334517377,0.0008556668449060975,-0.005025025558904231,1.1429165048540402e-05,1.7004641748666705e-05,3.7105091382767623e-06
3179.8158949708936,-40798.44006405657,0.005389921121438181,-0.000717847544298027,-0.0018219325045507944,1.3601385624128164e-05,2.9464718324595994e-05,5.0099261491571136e-06
7706.759986140611,-40798.44006405657,0.008206590272160998,-0.0014520689176689531,0.0032831129959399533,7.016930716197047e-05,3.722485984617322e-05,2.1686693100227855e-05
12233.704077310329,-40798.44006405657,-0.006249680639994578,-0.001335544460150453,0.01561977232858866,7.111873842189562e-05,4.036105910554873e-05,2.825328915677554e-05
16760.64816848004,-40798.44006405657,-0.013870080315304054,-0.0008015673276036241,0.004756217345879457,0.0001116486247631501,4.131496342693919e-05,3.297919116619524e-05
21287.592259649762,-40798.44006405657,-0.0031330849330983967,-0.00029351756172301866,0.0011439403616504565,2.9001250557563022e-05,4.1542483986621454e-05,8.58557848513062e-06
25814.536350819486,-40798.44006405657,0.013461925212417201,-2.0922877810270477e-05,0.00014520565902188115,1.8811443329633454e-05,4.158501692912116e-05,6.24309345002139e-06
30341.480441989203,-40798.44006405657,0.02815783457621884,0.0001305879452780283,-0.0034347016834188754,1.5482677497568367e-05,4.16018460397327e-05,5.938628049365671e-06
34868.42453315892,-40798.44006405657,0.006655173372741657,0.0003324907905063244,-0.00389820110222558,8.153126385712232e-05,4.1644067889939835e-05,2.0651062004516894e-05
-51143.51319906573,-36235.36014206866,-5.099208551941124e-28,9.309974351292206e-05,9.444072093953247e-11,0.00017258168083446245,4.2247823379325215e-05,0.0001809575643430258
-46616.569107896015,-36235.36014206866,-1.3189829541215886e-16,0.00033918480377828446,3.739991461124277e-07,0.00017258168083446245,4.110157961100866e-05,0.0001809575637983184
-42089.62501672629,-36235.36014206866,-1.0778518377028262e-08,0.0008282852581015135,5.922224874581787e-05,0.00017258168083422924,3.445463859157518e-05,0.00018089790827415889
-37562.680925556575,-36235.36014206866,-0.00022844480879133928,0.0013147851868366405,-0.001229736341321971,0.0001721705604694654,1.8098576600030433e-05,0.0001446193181522243
-33035.73683438685,-36235.36014206866,0.005113529695551445,0.0012172929396895623,0.0019720849371103293,1.6493454834973226e-05,3.8840054952223586e-06,5.614879843617157e-06
-28508.79274321714,-36235.36014206866,0.0015845602645727548,0.00027851083950610964,-0.00036103541583721796,1.897908754116111e-05,1.3323411058084551e-06,4.346062530367293e-06
-23981.848652047414,-36235.36014206866,0.0006291332627752898,-0.0009270040044540252,0.001319515689171553,8.435455492583778e-06,1.3069528756349272e-06,2.2632311008657815e-06
-19454.9045608777,-36235.36014206866,-0.0018917023837100241,-0.0013951226387350192,-0.0021900160313541306,1.1100921487631994e-05,2.2435800094182393e-06,3.078206897702665e-06
-14927.960469707983,-36235.36014206866,0.003211822884400044,-0.00043666405822035195,-0.008931438980461143,1.91189806939867e-05,3.321243095157154e-06,3.916442408236423e-06
-10401.016378538267,-36235.36014206866,-0.005956663192930608,0.0014600118355106249,-0.007027877770136845,1.0229693327551133e-05,1.8838187794088384e-06,2.4233509593767815e-06
-5874.072287368548,-36235.36014206866,-0.008750523946255234,0.002576007654754712,-0.010552110101036904,8.824893950658096e-06,6.457183103991092e-06,2.2577869426748177e-06
-1347.1281961988311,-36235.36014206866,-0.005228598621511116,0.0018377924070506891,-0.011236750123906097,1.4068706831522025e-05,2.11094390620574e-05,4.5459168067115265e-06
3179.8158949708936,-36235.36014206866,0.007569441756472883,8.393880618856727e-05,-0.0029184408085711835,2.959202650406725e-05,3.0509223734462433e-05,7.341136528345334e-06
7706.759986140611,-36235.36014206866,0.00864825579520015,-0.0012056360696549046,0.010130988367786802,9.256393429053997e-05,3.357090984663662e-05,4.018211795362957e-05
12233.704077310329,-36235.36014206866,0.013232167340928826,-0.0014311713383595918,0.009609986665903377,3.2127493032708693e-05,3.6990604361229745e-05,1.6357965952086838e-05
16760.64816848004,-36235.36014206866,-0.013260556273958592,-0.0009694631240371372,0.003596522601731421,5.413451293030853e-05,3.989417289021164e-05,2.7611621017245526e-05
21287.592259649762,-36235.36014206866,0.0047226633157321654,-0.0004617740928126693,0.00230281706241639,7.520982140347097e-05,4.112477409835131e-05,2.6384316668478207e-05
25814.536350819486,-36235.36014206866,0.004561931463359446,-0.00018344279413646603,0.01130030137056548,3.773046061278403e-05,4.149791355512831e-05,7.671719137002174e-06
30341.480441989203,-36235.36014206866,0.016423918769760605,8.532776359104289e-06,0.00895093332864048,6.496371919707895e-05,4.158738100487379e-05,1.8609550827252324e-05
34868.42453315892,-36235.36014206866,0.010534625040332937,0.0002714876616945549,-0.0076652286295237765,0.00013882290140173454,4.161964190103725e-05,4.070052958811293e-05
-51143.51319906573,-31672.280220080745,-4.055582879726748e-27,-2.979737740400796e-05,1.554135914083227e-10,0.00017258168083446245,4.225731220512372e-05,0.00018095756434302572
-46616.569107896015,-31672.280220080745,-9.411556183106004e-16,-6.804156170183112e-05,5.818725394151545e-07,0.00017258168083446245,4.123857521971884e-05,0.0001809575625987237
-42089.62501672629,-31672.280220080745,-5.10067994805621e-08,-9.522119826151597e-05,0.00011884315908418402,0.00017258168082294638,3.525758754993932e-05,0.0001808317909586266
-37562.680925556575,-31672.280220080745,-0.0003694306183023476,-5.035526702149582e-05,0.0008882362740737018,0.00017089833646765281,1.988824720510369e-05,0.00013988676656312348
-33035.73683438685,-31672.280220080745,0.009193100337230647,3.5451838395645155e-05,0.003513254139349424,3.608163826486103e-05,5.096122277398317e-06,9.997413960204527e-06
-28508.79274321714,-31672.280220080745,0.0043406059270085055,-0.00016115040572788346,0.0059117327065578325,2.3091709539750183e-05,1.6748251921567235e-06,3.902204743965289e-06
-23981.848652047414,-31672.280220080745,0.0006622263589340571,-0.001060664295501132,0.006018646098342708,9.619029259381258e-06,3.321590553072621e-06,3.1706040226593484e-06
-19454.9045608777,-31672.280220080745,-0.004108702648087778,-0.002292995333714738,0.0032743025424377403,1.3389216434002898e-05,5.3092240115656375e-06,2.715726496959383e-06
-14927.960469707983,-31672.280220080745,-0.0027249388545486503,-0.002434327067914587,0.003825843523702327,1.1579533190288124e-05,2.8271051039887703e-06,2.9415542482182685e-06
-10401.016378538267,-31672.280220080745,-0.005945145893011287,-0.000805810276930434,-0.0086146817327611,1.1695440937534114e-05,4.702499953430065e-06,2.8792145701390655e-06
-5874.072287368548,-31672.280220080745,-0.00046212298689273304,0.0010923486286635955,-0.012378011897723668,9.712844531153985e-06,1.4881520067926473e-05,3.0681178901538345e-06
-1347.1281961988311,-31672.280220080745,-0.005004288535237613,0.0014183391027638445,-0.0047858031068272675,8.412559836463144e-06,2.2078485725234947e-05,2.2689846200590284e-06
3179.8158949708936,-31672.280220080745,0.005066904257720599,0.0003004727200469539,-0.005825581121921705,1.4559062290944708e-05,1.958202061988097e-05,3.995597060396259e-06
7706.759986140611,-31672.280220080745,0.012688219525961547,-0.0007684128493694467,-0.014896509525362967,0.00012340885273239802,1.9196676842217056e-05,4.3275178674683374e-05
12233.704077310329,-31672.280220080745,-0.02514279699722584,-0.0008962434880925392,0.014951490507734515,1.6015178653440757e-05,2.6863582884065826e-05,7.630423100085979e-06
16760.64816848004,-31672.280220080745,0.014310619486178233,-0.0004431539229519943,0.010470440737010438,5.948033466065107e-05,3.431355694924771e-05,2.4056880467392925e-05
21287.592259649762,-31672.280220080745,-0.006114988698409506,-0.00011224286938561062,-0.0005180363977046257,2.3010267626139713e-05,3.875496534689003e-05,7.2107732518739696e-06
25814.536350819486,-31672.280220080745,0.005640601484910241,-5.754224397464566e-05,-0.00697986179459812,4.003875384486096e-05,4.091122880936775e-05,1.5617592414137517e-05
30341.480441989203,-31672.280220080745,0.010129267440837662,-1.2702621907893959e-05,0.001792836055853229,6.078549620314157e-05,4.151527902349127e-05,2.4257350956449362e-05
34868.42453315892,-31672.280220080745,0.03765415849958147,0.00017038810171820097,0.0007273090074110117,2.295828173488212e-05,4.1606908984547796e-05,9.701840426032485e-06
-51143.51319906573,-27109.200298092837,2.0469488900448519e-26,-0.00019692584409801732,4.921106100913042e-10,0.00017258168083446245,4.222761334518878e-05,0.00018095756434302536
-46616.569107896015,-27109.200298092837,7.379925393490919e-16,-0.0006131110462791323,1.233660794733017e-06,0.00017258168083446245,4.102565323880271e-05,0.00018095756227615568
-42089.62501672629,-27109.200298092837,2.199185461310797e-08,-0.0013340822424592782,0.0002150113729769633,0.00017258168083367486,3.4808960166435234e-05,0.0001808583125276576
-37562.680925556575,-27109.200298092837,0.0006573326214116467,-0.001955069887593446,0.000939003404252783,0.00017174956251385764,2.0527531378020173e-05,0.0001360200952033937
-33035.73683438685,-27109.200298092837,0.01330647488479136,-0.0018646777592813881,-0.0024202379892618933,1.654741486137285e-05,7.201997053109259e-06,4.849836856391686e-06
-28508.79274321714,-27109.200298092837,0.005765902184556961,-0.0013346801918995219,0.004087423299153736,9.009219510453876e-06,2.652121706517505e-06,2.6840414961693242e-06
-23981.848652047414,-27109.200298092837,0.008981733960778657,-0.0016205371590083005,0.0027995143210732803,1.6028858102366388e-05,5.479816609180714e-06,3.1049790908351568e-06
-19454.9045608777,-27109.200298092837,0.009783802289631938,-0.0029840181323395297,0.00731222732444798,2.235380347368802e-05,1.1554949717489111e-05,4.168324601220121e-06
-14927.960469707983,-27109.200298092837,0.00309069829809182,-0.0037248624736413954,-0.0029359728755765507,2.0713653575579456e-05,1.1653521833646713e-05,4.411812882220366e-06
-10401.016378538267,-27109.200298092837,0.001996775424175535,-0.0025041236327697767,-0.0027808412731330397,2.750857160648432e-05,1.6016305724763377e-05,5.840898515850385e-06
-5874.072287368548,-27109.200298092837,0.003510334326035789,-0.0003908234866167341,-0.008626569812771656,7.683809857437243e-06,2.4217838920523516e-05,2.804112505369274e-06
-1347.1281961988311,-27109.200298092837,0.004804823769860191,0.000716426095261341,-0.005152741822927662,1.545605797498054e-05,1.9415908511428604e-05,3.1512483436383623e-06
3179.8158949708936,-27109.200298092837,0.009459729240177277,0.0005373658108657328,-0.0022555417190703586,4.859384425330695e-06,5.987739847799279e-06,1.906503542034192e-06
7706.759986140611,-27109.200298092837,0.003837446513631368,0.00022341177488098725,-0.0019421103994428368,7.216210005388837e-05,4.275771125199389e-06,2.2078447589436002e-05
12233.704077310329,-27109.200298092837,0.005707823517076771,0.00047379659224933146,0.00029073181556749095,1.3493043040353048e-05,1.2406133773470924e-05,5.950930595302866e-06
16760.64816848004,-27109.200298092837,-0.0023977492373483643,0.0008002383976679186,0.007793900973224001,2.6531827956022584e-05,2.1144514916478247e-05,6.7775725934017495e-06
21287.592259649762,-27109.200298092837,0.0035513177842229557,0.0006260322574776463,-0.010444506081548486,3.418892143360023e-05,3.176936319427227e-05,1.0939405382758108e-05
25814.536350819486,-27109.200298092837,-0.01638620767848413,0.00016154440553670145,-0.007472326218602145,2.1422883055257876e-05,3.908991432760803e-05,6.8226101815166385e-06
30341.480441989203,-27109.200298092837,-0.010544800409406203,-0.00010394200868077733,-0.0020721486238034275,9.403415281571367e-05,4.128661267413297e-05,4.123018557440904e-05
34868.42453315892,-27109.200298092837,0.016619416666314543,-6.128553928045851e-05,-0.003309954135545551,5.870338174657848e-05,4.159035180048004e-05,2.7428227644799003e-05
-51143.51319906573,-22546.120376104926,-7.99121442055691e-21,-0.0003047478910116186,2.126038662837498e-08,0.00017258168083446245,4.215407273507071e-05,0.0001809575643396839
-46616.569107896015,-22546.120376104926,-4.747830634947294e-13,-0.0009216492900737472,1.1383849950153271e-05,0.00017258168083446245,4.03474526716505e-05,0.00018095713200999374
-42089.62501672629,-22546.120376104926,4.11218293864175e-06,-0.001968327125367224,0.0008256992740509152,0.00017258165453066794,3.1875978520098786e-05,0.00017875473911066117
-37562.680925556575,-22546.120376104926,0.002934088865901951,-0.002851789620224268,0.00021452159420565914,0.00014170087785701755,1.5140847454057254e-05,6.668721495224548e-05
-33035.73683438685,-22546.120376104926,0.018956540599154963,-0.0027386242013783223,0.001714660987935629,1.5210994541102073e-05,3.5455851635047834e-06,3.4382522674147246e-06
-28508.79274321714,-22546.120376104926,0.0033176707719688933,-0.002048626289710878,-0.0006905759660423838,7.051273989065618e-06,1.5575759220019887e-06,1.9484299301095686e-06
-23981.848652047414,-22546.120376104926,0.006144799272381034,-0.0023657583390292256,0.0015739617757181065,1.8168028612073288e-05,4.6079733298802204e-06,4.112361225535287e-06
-19454.9045608777,-22546.120376104926,0.003857523714526381,-0.0038438082881540126,0.008713873549559797,3.2767715211228003e-05,1.4632327392631673e-05,7.699963231109548e-06
-14927.960469707983,-22546.120376104926,0.01336341599538839,-0.004497446978417217,0.005640011925729733,2.1279293616337133e-05,2.2952826857891797e-05,5.495482625707493e-06
-10401.016378538267,-22546.120376104926,0.012918773411046941,-0.0031060982896991786,-0.0011033439980170229,1.5088254294938068e-05,2.8992436920285165e-05,3.4387906088284895e-06
-5874.072287368548,-22546.120376104926,0.00533724326046895,-0.0009074504878173592,-0.0040520313744259705,1.5062580528815624e-05,3.078814461842691e-05,5.4356827401490346e-06
-1347.1281961988311,-22546.120376104926,0.009524573291940733,0.0003937713047011183,-0.004971511175138028,9.426382570810142e-06,2.0049850948823108e-05,3.371361397309057e-06
3179.8158949708936,-22546.120376104926,0.01905336805265058,0.0007441446994644824,-0.004784793973162435,2.168994533625329e-05,6.338048701877186e-06,5.278149347186527e-06
7706.759986140611,-22546.120376104926,0.028721792543713848,0.0011382832163396323,-0.014916791008010438,0.00011166710549761204,3.9055845019505335e-06,2.79676913639693e-05
12233.704077310329,-22546.120376104926,0.016331256564962475,0.0018036267157685235,0.0008793663494952447,2.5734962037958243e-05,3.092662157114042e-06,1.115485238473095e-05
16760.64816848004,-22546.120376104926,0.019568690774809463,0.0019513768192081634,-0.0010113639033453303,1.5889173929860447e-05,7.1124239122481885e-06,6.440745358949663e-06
21287.592259649762,-22546.120376104926,0.010788531007273628,0.0011990848162687666,0.014434316537860724,1.1777279198119193e-05,2.379810854737125e-05,4.1928243949484415e-06
25814.536350819486,-22546.120376104926,-0.0030296250189753805,0.00018670344245150673,0.01257034723710512,2.5724181666162636e-05,3.703036398915295e-05,6.732891240869424e-06
30341.480441989203,-22546.120376104926,-0.02402157423498854,-0.00037819045542043794,0.007161597026175047,3.153221844066293e-05,4.1027637313072466e-05,9.413649804027046e-06
34868.42453315892,-22546.120376104926,-0.030433672211916334,-0.0004450712589522622,0.004542432654756581,3.9456309115698095e-05,4.157057934877052e-05,1.3003029316961955e-05
-51143.51319906573,-17983.040454117017,-5.107994295416904e-16,-0.00030704799635583217,7.810888759433419e-07,0.00017258168083446245,4.213516483311676e-05,0.00018095755953401592
-46616.569107896015,-17983.040454117017,-8.321438626503181e-09,-0.0007659356422492565,0.00013545573157481734,0.00017258168082947395,4.037731875120093e-05,0.00018082476843392348
-42089.62501672629,-17983.040454117017,-9.423653373234793e-05,-0.0014031007808341907,0.0016279562498466528,0.00017244106710139818,3.2301487778666946e-05,0.00015225133755916763
-37562.680925556575,-17983.040454117017,0.0027032533986819434,-0.0017612175234459418,0.0004209203823852675,2.631218944132874e-05,1.5821711009222123e-05,1.1876562759639418e-05
-33035.73683438685,-17983.040454117017,0.007416673010940657,-0.00158674227425629,-0.00044609223969360734,1.3831740442836097e-05,3.5609553202569356e-06,3.0336040356230567e-06
-28508.79274321714,-17983.040454117017,0.007670788715154864,-0.0019433460842189151,-3.2563126941359544e-05,1.6621138604788727e-05,1.7028788602096561e-06,3.641519349228202e-06
-23981.848652047414,-17983.040454117017,0.006008394662153561,-0.004149462096479043,0.0012033806524625046,1.909704850449904e-05,2.761381284557444e-06,3.812240039303684e-06
-19454.9045608777,-17983.040454117017,0.006594115095239161,-0.006886090934371647,0.011367412773629335,2.5168562011834667e-05,8.970172705106405e-06,6.51818883778629e-06
-14927.960469707983,-17983.040454117017,0.016417338842134307,-0.006992735556057582,0.007802626661561594,1.6032183340008185e-05,1.9616543984518973e-05,4.4626172335053e-06
-10401.016378538267,-17983.040454117017,0.02171969018967875,-0.003943181807132444,0.00059196938176094,1.302748950158996e-05,2.927740378916947e-05,3.3369321332896054e-06
-5874.072287368548,-17983.040454117017,0.01067991121029429,-0.0006403107774782466,-0.007241119766400982,1.5408600786067907e-05,3.081480810477343e-05,4.164021325019437e-06
-1347.1281961988311,-17983.040454117017,0.015911040174504332,0.0006443359764542978,-0.006840997351801733,7.2493283951623525e-06,2.1094674966268076e-05,3.432763709908238e-06
3179.8158949708936,-17983.040454117017,0.01751279402097641,0.0006475169411489878,-0.008901911484842456,1.0500470395107182e-05,1.2231666040578581e-05,3.6470987188704136e-06
7706.759986140611,-17983.040454117017,0.0005473821542753728,0.0010610312370450611,-0.010731209198876126,9.435582847431385e-05,1.2228680966036766e-05,4.122335842633094e-05
12233.704077310329,-17983.040454117017,0.01548742342437391,0.001937234480874588,0.003645407611399227,6.433810485734929e-05,8.648057281365546e-06,2.467641106614497e-05
16760.64816848004,-17983.040454117017,0.03035098885451975,0.0021044303505424206,0.004187819375432743,4.1860753236050934e-05,1.0211714546867884e-05,6.981883211766777e-06
21287.592259649762,-17983.040454117017,-0.0037381113619375135,0.0011825244039753904,0.009393258315925825,3.8695690483148056e-05,2.5384293069649738e-05,1.2588320166676545e-05
25814.536350819486,-17983.040454117017,0.010888843248940069,-9.851939589407971e-06,0.01368671743912725,4.799664974169092e-05,3.748709995685952e-05,8.9483190110285e-06
30341.480441989203,-17983.040454117017,-0.003793597853217215,-0.0006936138111987397,0.011010357631532117,3.1882042724357476e-05,4.108591699586793e-05,1.03107322055411e-05
34868.42453315892,-17983.040454117017,0.021398244914835985,-0.0008429303826607217,0.0034115360361426164,3.946000084404955e-05,4.157055022350229e-05,1.6434144451461953e-05
-51143.51319906573,-13419.960532129104,-3.183290021989551e-13,-0.00034850442227185704,1.8268428873661095e-06,0.00017258168083446245,4.1984132849344206e-05,0.00018095729541720666
-46616.569107896015,-13419.960532129104,-1.5471629901703578e-06,-0.00043101980429028285,0.0005156761358881611,0.0001725814940363566,4.038026405322012e-05,0.0001786147853318718
-42089.62501672629,-13419.960532129104,-0.0016341638865232594,-0.00017452926474462258,0.0036974826449406016,0.00012964448120917645,3.45715885499559e-05,6.237144978519245e-05
-37562.680925556575,-13419.960532129104,0.005050717163967764,0.000316574365069649,0.0012901843928863612,1.1746654994048263e-05,2.1571037843785276e-05,5.185345171716322e-06
-33035.73683438685,-13419.960532129104,0.0003187316606098657,-2.3336300745784716e-05,0.00467227967656085,1.936286423724596e-05,7.331229973961913e-06,4.19208532877763e-06
-28508.79274321714,-13419.960532129104,-0.005589042276257367,-0.00312193272560991,0.0060169660728881524,4.347873400667305e-06,1.665656771922883e-06,2.7426845530515007e-06
-23981.848652047414,-13419.960532129104,-0.0027204145729953742,-0.0092787744518881,0.01963823470685097,1.3687030709781417e-05,1.2165684566448981e-06,4.013089331253065e-06
-19454.9045608777,-13419.960532129104,-0.002183334957056164,-0.014360105984369969,0.01642349723121453,2.570252347881713e-05,2.4284592564342985e-06,5.329452285960219e-06
-14927.960469707983,-13419.960532129104,0.007465813589954656,-0.013066822163691517,0.016141494667221114,3.2375123793272604e-05,8.41738356957285e-06,6.916986765474981e-06
-10401.016378538267,-13419.960532129104,0.020738653552995954,-0.006042215203479716,-0.004094203202219333,1.606790737437199e-05,1.7447214688131307e-05,4.985278108386303e-06
-5874.072287368548,-13419.960532129104,0.02203956112091046,0.00046632808540420304,-0.00915052928888243,1.564737565140818e-05,2.0514684665024193e-05,3.468285974291978e-06
-1347.1281961988311,-13419.960532129104,0.016253469853277833,0.0023692003788083078,-0.013203129058382057,1.1664401572503347e-05,1.2072914544606199e-05,3.427118153622404e-06
3179.8158949708936,-13419.960532129104,0.018193451311675036,0.001355309512441406,-0.008081152281119747,1.5562813913741632e-05,6.196253324355904e-06,4.937589618464889e-06
7706.759986140611,-13419.960532129104,0.010041404981580132,0.0007919859992178333,-0.00798335715603191,6.581064398694337e-05,1.353432709799099e-05,1.8803545749853826e-05
12233.704077310329,-13419.960532129104,0.006149860436874197,0.0013175084247917437,0.0027624971424722797,5.431682651384136e-05,1.93670746998849e-05,1.6413740667246048e-05
16760.64816848004,-13419.960532129104,0.007838893027169254,0.001543861263198977,-0.00032470116387620096,3.764606186689248e-05,2.4167161341851013e-05,1.8931454302503113e-05
21287.592259649762,-13419.960532129104,-0.006897381916200054,0.0008432029034569511,-0.0004442535711597362,1.1002834506078254e-05,3.33665949321294e-05,4.427747334147166e-06
25814.536350819486,-13419.960532129104,0.004964119184671147,-0.00014760354823768404,0.006928422041962742,2.7558006323406353e-05,3.96203040423532e-05,7.49228580811169e-06
30341.480441989203,-13419.960532129104,-0.009953427286541264,-0.0007806664290086768,0.015111556868827793,4.64217982249883e-05,4.1354634107558776e-05,1.5885440066562985e-05
34868.42453315892,-13419.960532129104,-0.01734466890463488,-0.0010292728882911003,0.004309146429887764,7.047410442879707e-05,4.158293261445064e-05,2.653581176943588e-05
-51143.51319906573,-8856.880610141197,5.357774911498937e-11,-0.0006879879648215599,1.3141953777414153e-06,0.00017258168083446245,4.0716952581533e-05,0.0001809555319799517
-46616.569107896015,-8856.880610141197,2.8343098301265168e-05,-0.0005859624213572522,0.00032258849896102783,0.00017257813278675577,3.6678084918776726e-05,0.00017290173372737824
-42089.62501672629,-8856.880610141197,-0.0007011007620867553,0.0003198380309520359,-0.0006410355934392004,7.622591082053782e-05,2.937552596396383e-05,2.530096458070111e-05
-37562.680925556575,-8856.880610141197,-0.0033188229745857727,0.0010023820305370603,-0.0034795193536792633,1.1362751938095316e-05,1.89013569501181e-05,2.868849315271595e-06
-33035.73683438685,-8856.880610141197,-0.0027664099113411354,-0.001041305631793902,0.005626749010023788,1.1700678878478403e-05,7.337803171638322e-06,3.170763017774355e-06
-28508.79274321714,-8856.880610141197,-0.007766516108367636,-0.007840027519850582,0.008686876333326838,8.217343684788182e-06,1.6354426801639359e-06,2.6594626494682043e-06
-23981.848652047414,-8856.880610141197,-0.018976999403438756,-0.017814222549297945,0.021625225890673394,1.1618180154685084e-05,1.1719405353397076e-06,5.384872655508552e-06
-19454.9045608777,-8856.880610141197,-0.0068845837566533785,-0.024205064062196774,0.038245903978007034,9.269510921046555e-06,1.4443537426006702e-06,2.919794074070567e-06
-14927.960469707983,-8856.880610141197,0.003799941288837208,-0.02040477153783348,0.028809361336853623,3.921490755253636e-05,2.7037565545134316e-06,1.173755249921947e-05
-10401.016378538267,-8856.880610141197,0.005751409770703332,-0.008574146136546987,-0.0013533609192760282,1.5186361737790126e-05,5.371440635096871e-06,4.506605769928509e-06
-5874.072287368548,-8856.880610141197,0.01566171513388776,0.0019318450574833841,-0.012993261243467238,1.0871644918003032e-05,7.154409302210634e-06,2.8256758619198434e-06
-1347.1281961988311,-8856.880610141197,0.01778886527723555,0.005233955710045115,-0.014276585999474484,1.7034592644924563e-05,3.4441507367408413e-06,3.731725779489197e-06
3179.8158949708936,-8856.880610141197,0.0106609706558103,0.0035408073105874967,-0.008101245036065574,1.0524069946659938e-05,2.9840436695119057e-06,3.382031840664832e-06
7706.759986140611,-8856.880610141197,-0.0011700937503493283,0.0017068966955796116,-0.001259608210161238,7.510184021989038e-05,9.590236523625258e-06,2.291495928154544e-05
12233.704077310329,-8856.880610141197,9.962407023297979e-05,0.0013483439992420165,0.0074377335258895075,5.089076233222435e-05,1.5671780886647106e-05,2.0995434016402e-05
16760.64816848004,-8856.880610141197,0.00491337562040052,0.0012895296386389692,0.002551231274395563,5.4091057099728694e-05,2.5065087614448907e-05,2.3541996662817378e-05
21287.592259649762,-8856.880610141197,0.006781577900228132,0.0007291409803772998,-0.008005887338825401,2.3210360048419237e-05,3.558627211923376e-05,6.728620208924183e-06
25814.536350819486,-8856.880610141197,0.016023321903791344,-1.4022270850309881e-05,-0.0064414995956800225,2.658280417215558e-05,4.046322667471728e-05,1.0613227685337789e-05
30341.480441989203,-8856.880610141197,-0.010597076153753587,-0.0005543277634821719,0.008351593184802338,2.5934580656343536e-05,4.147646906906787e-05,1.2961694390331097e-05
34868.42453315892,-8856.880610141197,-0.04600023873332883,-0.0009016439775025586,-0.006025585181258116,3.1106236756658234e-05,4.158503584502152e-05,1.052628960077347e-05
-51143.51319906573,-4293.800688153283,-4.609037757068287e-10,-0.0011639468679278404,4.328203895146304e-05,0.0001725816808344609,3.6753324175604924e-05,0.00018094571389814284
-46616.569107896015,-4293.800688153283,-4.2239766429729733e-05,-0.001274071788013453,0.002570936749280063,0.00017254531188885396,2.64743083641997e-05,0.00016350623267689736
-42089.62501672629,-4293.800688153283,0.001687726567660898,-0.0003402027153125483,0.00012492075582370803,3.34863324660713e-05,1.4981273178331577e-05,9.931196548837424e-06
-37562.680925556575,-4293.800688153283,-0.00727464703518577,-0.00025051054187170095,-0.005033151908998099,9.825484948175727e-06,7.84401762447681e-06,2.7211062134584283e-06
-33035.73683438685,-4293.800688153283,-0.008475857956898404,-0.004179581893367918,0.00441135557314111,2.5372562225783738e-05,2.9973587743333677e-06,5.458530841062094e-06
-28508.79274321714,-4293.800688153283,-0.020896860333774706,-0.01280286849201462,0.016735636830769923,1.1397400236193132e-05,9.111165121499835e-07,3.3769742794516333e-06
-23981.848652047414,-4293.800688153283,-0.02984093973372949,-0.02257582640710663,0.04952292503742596,2.0272458924215495e-05,1.936902952645417e-06,4.361557864971348e-06
-19454.9045608777,-4293.800688153283,-0.014207483944921315,-0.02699794108605482,0.08826590464398537,1.219007413866678e-05,1.8696437069648931e-06,3.0109842883492717e-06
-14927.960469707983,-4293.800688153283,0.0036749305688302163,-0.02141858361550968,0.04055067851230093,3.976108024297145e-05,1.3094942656715605e-06,6.874062140076127e-06
-10401.016378538267,-4293.800688153283,-0.0062375460889454205,-0.008976670296585575,0.008431414611000613,1.6770616623707705e-05,1.3670634543764534e-06,6.266450791859188e-06
-5874.072287368548,-4293.800688153283,0.008807370512670776,0.0017184857062521354,-0.013423660877699542,1.6251155800067567e-05,1.6542838435468465e-06,5.73911102752045e-06
-1347.1281961988311,-4293.800688153283,0.0035658597406182727,0.00558175860726999,-0.02378602236947666,1.6345687328342943e-05,3.420178049781927e-06,4.242205619966506e-06
3179.8158949708936,-4293.800688153283,0.011004300099652552,0.004473912952532381,-0.015150634674682193,1.6754969463071814e-05,9.056235269633225e-06,6.197323873989661e-06
7706.759986140611,-4293.800688153283,0.00891645909645709,0.0026468804718906423,-0.0072535033276584365,0.00010273585265314127,7.151426442945253e-06,2.485882438663388e-05
12233.704077310329,-4293.800688153283,-0.00636299167009588,0.0018572531111438256,-0.0029151889936088193,4.488175749182676e-05,3.6910921382371194e-06,1.021631097757595e-05
16760.64816848004,-4293.800688153283,0.013088746947237953,0.0014564795547173867,-0.008535979899247453,3.613931281494848e-05,1.637132427343213e-05,8.743012086336564e-06
21287.592259649762,-4293.800688153283,-0.006659390642887862,0.0008791391265583308,0.013819569722150121,2.1973486986550913e-05,3.305034727258343e-05,6.277157202085585e-06
25814.536350819486,-4293.800688153283,0.009208115738203012,0.00029499598681792007,-0.004397595976868118,9.418949257998022e-06,4.015075326304302e-05,4.300022378928866e-06
30341.480441989203,-4293.800688153283,-0.007991543413181666,-0.0001476435724725219,-0.0031650255578416636,4.5630130453351906e-05,4.146048523886096e-05,1.1755038050402386e-05
34868.42453315892,-4293.800688153283,-0.025910958139694566,-0.0005218010513638933,-0.00045576003585436585,4.397247028452937e-05,4.1581206104827216e-05,1.5037717252102653e-05
-51143.51319906573,269.2792338346308,1.209568640542015e-07,-0.0007808929880230585,-0.0005711705683324056,0.00017258168072467584,3.0323756936624468e-05,0.00018057513033061293
-46616.569107896015,269.2792338346308,-0.00028209875107616865,-0.0011940872925862538,-0.001874799567972544,0.00016825266776806635,1.531420541463042e-05,0.00011975943385023665
-42089.62501672629,269.2792338346308,-0.006212354456796281,-0.0005493451308605374,0.0016822328203727433,2.0929744498374912e-05,3.799366058249192e-06,6.051439457142199e-06
-37562.680925556575,269.2792338346308,-0.011731254223465121,-0.0008872966729797892,0.017193324948982285,5.667181440665767e-06,1.4091083328606938e-06,2.7831103515984818e-06
-33035.73683438685,269.2792338346308,-0.016432356121339396,-0.004817441701416701,0.016345117323879416,6.711991419809053e-06,8.910563939894966e-07,1.9074604179911885e-06
-28508.79274321714,269.2792338346308,-0.03336940777311559,-0.010978659544485968,0.016591795854334193,1.3968136134421687e-05,1.7655825911185979e-06,3.7289021434553054e-06
-23981.848652047414,269.2792338346308,-0.0522540395867394,-0.015317707798965553,0.07033687327115161,3.0226063908747602e-05,4.194580168746196e-06,9.008843185898645e-06
-19454.9045608777,269.2792338346308,-0.03430592332436986,-0.015381887104624997,0.1232328655831626,7.004296135592887e-05,3.031099614548366e-06,2.2562509729540835e-05
-14927.960469707983,269.2792338346308,0.0009007469873663146,-0.011426319154827624,0.062395801146965454,1.5662093583165685e-05,1.4911174837182662e-06,6.606098736679949e-06
-10401.016378538267,269.2792338346308,-0.007906979124143378,-0.0058895106234984375,0.017805141309370824,2.651677001358756e-05,1.2753071195006587e-06,5.649875665885573e-06
-5874.072287368548,269.2792338346308,0.0014909928241635118,-0.0016564770436656735,-0.017547370972623245,1.5641811756293743e-05,2.201237638597834e-06,4.781993962269649e-06
-1347.1281961988311,269.2792338346308,-0.0054253185253341505,0.0002417186704321032,-0.02346525713490925,3.258393903026439e-05,7.368005510887436e-06,1.1574542246794187e-05
3179.8158949708936,269.2792338346308,-0.01599341886168785,0.0006779900078600709,-0.027319606066669704,6.826304850579552e-05,1.43462189052518e-05,2.1999738301413445e-05
7706.759986140611,269.2792338346308,-0.007261234693061667,0.0008617442519731401,-0.007528963054142248,9.599778116601643e-05,9.963433604214843e-06,2.4196080257171064e-05
12233.704077310329,269.2792338346308,-0.000845641657650803,0.0011280634582410973,0.003697239315291801,7.670411108919018e-05,5.976112475289958e-06,2.130777949524315e-05
16760.64816848004,269.2792338346308,0.011851212359083369,0.0011478723834437467,-0.00016664442437266946,6.59139132869134e-05,1.863307853499227e-05,1.2688717893797452e-05
21287.592259649762,269.2792338346308,0.008330545008159301,0.0008689668809040568,0.005090562098471932,3.568040521909608e-05,3.402159203408494e-05,1.0863181729612323e-05
25814.536350819486,269.2792338346308,0.01292950231602365,0.0005629805424989219,-0.0027312470598844125,1.9143216019884736e-05,4.0330778433231626e-05,6.236221257771855e-06
30341.480441989203,269.2792338346308,0.004410469564054724,0.0003077271404748703,-0.003704511310671659,1.0708579902852388e-05,4.1473494159644486e-05,4.854583480289873e-06
34868.42453315892,269.2792338346308,-0.014479433720528343,3.2777563479837336e-05,0.0087473320394437,9.076238154532319e-05,4.1579686316748566e-05,3.0812325819866085e-05
-51143.51319906573,4832.359155822537,6.1757580313299e-06,0.001329538418445026,-0.002272005932617594,0.00017256914162608507,2.091624751376454e-05,0.00016693903608472284
-46616.569107896015,4832.359155822537,0.010278698680747472,0.0008506974458373099,-0.013392057215472989,0.00011522258556288928,1.0577038724191277e-05,3.661090809768433e-05
-42089.62501672629,4832.359155822537,-0.0018393901321669178,0.0010945953306728366,-0.0011056562253274026,1.1903677413798976e-05,2.879733436393674e-06,3.2326749781589627e-06
-37562.680925556575,4832.359155822537,-0.016596775726192753,0.0008406964502134621,0.018217088584681372,1.4259536361063392e-05,1.123352023195725e-06,3.2846092779250052e-06
-33035.73683438685,4832.359155822537,-0.009322909011290514,-0.0011079686655548274,0.00480553316427712,1.1396357751270039e-05,3.050467499574764e-06,3.2414751787492046e-06
-28508.79274321714,4832.359155822537,-0.011373219044546384,-0.0022679347987116724,0.015419998403851602,1.468428078021399e-05,5.28002363937229e-06,3.0959384537664622e-06
-23981.848652047414,4832.359155822537,-0.036171096811512926,-3.314398616525299e-05,0.07757565872600239,3.597973010920961e-05,5.002368130160121e-06,1.1705641631823367e-05
-19454.9045608777,4832.359155822537,-0.03698324228058275,0.00309446134748945,0.1149253295552238,1.844813836629017e-05,2.0751445795379945e-06,4.451879163310202e-06
-14927.960469707983,4832.359155822537,0.0037358344594358613,0.002616840910673473,0.09088605510123116,2.679669482928568e-05,3.8963205565230216e-06,9.56398540143935e-06
-10401.016378538267,4832.359155822537,-0.015299827904882919,-0.0019427363469779226,0.017112062720327705,6.921124868887396e-05,4.910727190326739e-06,1.4814083497581798e-05
-5874.072287368548,4832.359155822537,0.011085536930823288,-0.006843320506868322,-0.02530161242643547,5.1739817911303736e-05,1.9549631703288757e-06,8.394814950323643e-06
-1347.1281961988311,4832.359155822537,-0.0065197024628175,-0.00857984179912942,-0.041912072426426084,7.105132689614014e-05,5.707944432258782e-06,2.0404256493905586e-05
3179.8158949708936,4832.359155822537,-0.004538656932694207,-0.006983967972234884,-0.023930458659329662,9.691931681496367e-05,1.1046777950016434e-05,2.8748285789142233e-05
7706.759986140611,4832.359155822537,0.02116506833336429,-0.004092780977969928,-0.027827367779184826,4.474262622919804e-05,8.695757533691412e-06,1.0571418530926568e-05
12233.704077310329,4832.359155822537,-0.011831306701956871,-0.0016547844613601873,-0.00992323259728475,2.3414481646389198e-05,1.3470651982496401e-05,7.4816958694996826e-06
16760.64816848004,4832.359155822537,0.002421015214647177,-0.0002530059282417497,-0.009207454591046785,5.4819317035722495e-05,2.745147741610267e-05,1.6993675401351605e-05
21287.592259649762,4832.359155822537,0.014646064267201095,0.00035242103530880656,-2.2740903102308474e-05,4.193840953982709e-05,3.760436240880647e-05,1.2192581515435395e-05
25814.536350819486,4832.359155822537,0.010701905475680062,0.0005983365495367769,-0.009389373049360092,2.8108253701467545e-05,4.0964395481677954e-05,1.0664404827564529e-05
30341.480441989203,4832.359155822537,0.006790132068896179,0.0006785713281493664,-0.010180628190972072,3.145725472599795e-05,4.152217179041587e-05,8.861666343314194e-06
34868.42453315892,4832.359155822537,0.00960139338359014,0.0006393875487163583,-0.0014834800221570285,5.333767939358895e-05,4.157901497453315e-05,1.7837404894288167e-05
-51143.51319906573,9395.439077810453,-0.008831935175934894,0.004320967397318663,0.005087813131914979,0.00010517834364378659,7.218174664095142e-06,7.583054545145489e-05
-46616.569107896015,9395.439077810453,0.00499321533625567,0.003911320252688839,-0.00907821032067829,1.796512607540738e-05,7.951517909034471e-06,6.258870957223016e-06
-42089.62501672629,9395.439077810453,0.005787719730851857,0.0034871233847518484,-0.003871334007472721,3.305892637366569e-05,5.456035738267756e-06,5.751852732732834e-06
-37562.680925556575,9395.439077810453,-0.011850520298870793,0.00312968880970986,0.01698004646478296,4.7405830405312585e-06,1.2844342769943262e-06,2.359951295535437e-06
-33035.73683438685,9395.439077810453,-0.014374362797356523,0.003031198691975115,0.00403130860228218,9.461121792649774e-06,4.569284827954228e-06,2.9287265788604144e-06
-28508.79274321714,9395.439077810453,0.0019941557744274294,0.005311734094750029,0.014331264392182588,1.388011828316272e-05,4.776581393733154e-06,3.7997246592428723e-06
-23981.848652047414,9395.439077810453,-0.02105113888382332,0.010473691903733692,0.04816730520075259,4.305829245988162e-05,3.0680819229700337e-06,9.34078882426127e-06
-19454.9045608777,9395.439077810453,-0.01561386711128298,0.01372673891528522,0.08534446941621714,2.4650012396278397e-05,5.166537926910844e-06,5.999917860718658e-06
-14927.960469707983,9395.439077810453,0.013058461883936683,0.00971191700974529,0.06248854552371686,1.562433209896844e-05,1.2701519530359972e-05,5.8774725433991025e-06
-10401.016378538267,9395.439077810453,-0.012309418913137414,-0.0006114194481458054,0.00560463324030774,2.2162091534935253e-05,1.4765740593857736e-05,1.065756690179725e-05
-5874.072287368548,9395.439077810453,-0.01577075392681609,-0.010808378550654387,-0.015673709620925437,2.7197142742839024e-05,6.097550762483722e-06,7.613617836486002e-06
-1347.1281961988311,9395.439077810453,-0.016551744220521115,-0.0154066997444316,-0.03289375872564367,3.681635194337492e-05,3.5862435227504904e-06,1.2617633182383483e-05
3179.8158949708936,9395.439077810453,-0.005798802428684056,-0.013979499507406734,-0.01599154666264259,9.556708053675328e-05,4.8889753494273675e-06,3.4175135953974184e-05
7706.759986140611,9395.439077810453,-0.019774186192847,-0.009658274727547277,-0.02668520364877973,1.0454084246763772e-05,2.452500106038378e-06,3.8045067354699027e-06
12233.704077310329,9395.439077810453,-0.0003170564697666696,-0.005413453222258984,-0.015515230408879584,7.969271501742799e-05,1.172087807000725e-05,2.5146889936315727e-05
16760.64816848004,9395.439077810453,0.010224363861563142,-0.0024376258887913865,-0.009798293634996305,8.473875984698687e-05,2.856747646037089e-05,2.7186413624684966e-05
21287.592259649762,9395.439077810453,0.029659080888582774,-0.0007064692621301539,-0.0033750140883911164,5.2341052743016286e-05,3.822694454916598e-05,1.100622879451088e-05
25814.536350819486,9395.439077810453,0.0388030807737382,0.00021381742004411564,-0.014201965878672146,4.647439051280668e-05,4.0975742275443774e-05,1.4439668417838455e-05
30341.480441989203,9395.439077810453,0.007168649303901299,0.0007126690013998706,-0.017121466555375442,2.1075292762386583e-05,4.14875731216448e-05,7.229768359193607e-06
34868.42453315892,9395.439077810453,0.00572740723582299,0.001013513057144685,-0.0075290349014333555,4.589222066573426e-05,4.157184516542474e-05,1.681144970425654e-05
-51143.51319906573,13958.518999798358,-0.01870251907939724,0.006174078205707128,0.013333709067549951,2.2550476662443002e-05,2.2779560296343765e-06,1.339628664732162e-05
-46616.569107896015,13958.518999798358,0.001276842200180454,0.0058644004744754855,-0.015009262158145215,1.77711267984526e-05,7.428084865079466e-06,3.8898302995333406e-06
-42089.62501672629,13958.518999798358,0.015565575907381035,0.004757131296623762,-0.01153491567401689,1.538600742147914e-05,6.087866519670522e-06,3.697326027740953e-06
-37562.680925556575,13958.518999798358,0.009270304989632376,0.003896260580536634,-0.0008497111102748478,1.4269257987289838e-05,1.920722669138441e-06,3.18971411092904e-06
-33035.73683438685,13958.518999798358,-0.0011357549730490538,0.004292654661687483,-0.009029953276037506,1.1737167341129939e-05,6.467168701516438e-06,3.001818238313348e-06
-28508.79274321714,13958.518999798358,0.014170242659495125,0.007087879627411611,-0.006816090939442826,1.7108994453596482e-05,4.4489116881210155e-06,3.5171510839836218e-06
-23981.848652047414,13958.518999798358,-0.008117269524965103,0.011421231651574089,0.0265830556641014,2.366076575085945e-05,5.697292809753267e-06,6.513530719056494e-06
-19454.9045608777,13958.518999798358,-0.011280117359549681,0.013098784156779656,0.04646946955714452,1.7332596484826704e-05,1.6995919501970667e-05,6.740863477864168e-06
-14927.960469707983,13958.518999798358,-0.0008095073554923778,0.008418984332875662,0.017942736211993732,4.730427565877214e-05,2.641662560861867e-05,8.602035081443931e-06
-10401.016378538267,13958.518999798358,-0.0018152510939930568,-0.0014451352249878046,0.0035074343389908877,1.1905586989910578e-05,2.5629026955931524e-05,3.3910383606536516e-06
-5874.072287368548,13958.518999798358,-0.010923763682581116,-0.01142573470543952,-0.01761199196760696,5.8069648786930134e-05,1.3025902173322554e-05,1.5090434051041873e-05
-1347.1281961988311,13958.518999798358,-0.006570379055287302,-0.016872112272808246,-0.014214474202052609,2.4317291288703517e-05,2.914172883728627e-06,7.278444613230693e-06
3179.8158949708936,13958.518999798358,-0.025521081989083837,-0.016638937644514986,-0.01567720963348391,0.0001192015916293384,3.296833824728519e-06,4.433773571067858e-05
7706.759986140611,13958.518999798358,-0.009725102843051756,-0.012853887014222791,-0.007959913447158629,1.9146314880429534e-05,3.116780666454165e-06,8.885184900028374e-06
12233.704077310329,13958.518999798358,-0.001280519635901596,-0.008269677813507365,-0.0076119340644716475,7.154549641349924e-05,7.310168090933909e-06,1.4957002894406787e-05
16760.64816848004,13958.518999798358,-0.0024201206303451194,-0.004475903635036842,-0.012661640279814063,2.522185270849696e-05,2.1633983277679728e-05,7.935074737158774e-06
21287.592259649762,13958.518999798358,0.01612083740774158,-0.001977286846239058,0.004018175863517166,2.738974442622263e-05,3.3542878878268914e-05,1.142860901514131e-05
25814.536350819486,13958.518999798358,0.0031809525507256516,-0.000568663206219927,-0.009549048060558868,2.2670167252731628e-05,3.90320843972061e-05,8.794445039676698e-06
30341.480441989203,13958.518999798358,0.02720647010584064,0.000286103755390725,-0.012097256192852929,2.5718440166191215e-05,4.104315969220468e-05,7.863738926742537e-06
34868.42453315892,13958.518999798358,-0.0034564672343064037,0.0009439066698441593,-0.00351103289237438,4.024527433443831e-05,4.152494023123963e-05,1.0519263812651912e-05
-51143.51319906573,18521.598921786263,-0.002346025144191715,0.0060185458484821285,-0.012911819054468567,8.873460904999285e-05,4.3780661975093655e-06,3.7223071600098266e-05
-46616.569107896015,18521.598921786263,-0.003915354409415632,0.005981805148387117,-0.013034020472708005,1.3276903861516882e-05,9.766994052973075e-06,3.0299407491621245e-06
-42089.62501672629,18521.598921786263,0.004989391151400492,0.004706338054872371,-0.010856246494971578,1.4275519533482758e-05,7.864890444370946e-06,3.248563449141504e-06
-37562.680925556575,18521.598921786263,0.006528537965478701,0.0034990041788226876,-0.011365164138356254,1.1318671443804029e-05,5.771299017107146e-06,2.696363801414235e-06
-33035.73683438685,18521.598921786263,-0.0007607335599459399,0.0037390534517222004,-0.010250339115866092,2.6953610288101628e-05,1.2979037934257547e-05,5.281503080761666e-06
-28508.79274321714,18521.598921786263,0.02790525565966829,0.005987806643673902,0.0005802252073394409,1.4616781812357567e-05,1.4519014308629667e-05,3.6856410771081633e-06
-23981.848652047414,18521.598921786263,-0.011555694846327791,0.008818460053019896,0.007713933996967473,9.436875341446146e-06,1.67995789386236e-05,2.830335609471066e-06
-19454.9045608777,18521.598921786263,-0.0023536030736164247,0.009159594717208045,0.023367099015941424,1.3106079430276653e-05,2.6168491140928174e-05,4.782094995705525e-06
-14927.960469707983,18521.598921786263,-0.010831669321643003,0.005188723905481814,0.0002668025088175402,2.821134854491097e-05,3.166274530395124e-05,5.6649578799294604e-06
-10401.016378538267,18521.598921786263,0.0005986508889363057,-0.0018709240885778165,-0.00568708897565081,1.7831885745568334e-05,2.649863495456827e-05,6.336188181837424e-06
-5874.072287368548,18521.598921786263,-0.003845265261247588,-0.0091086758930679,-0.013937685841996991,5.497413252104075e-05,1.364945915742375e-05,1.762788658066057e-05
-1347.1281961988311,18521.598921786263,-0.009826073899524404,-0.013845683214132282,-0.022901633604250782,4.3035968962461696e-05,4.913388312092427e-06,1.1195305054060304e-05
3179.8158949708936,18521.598921786263,-0.010698234152339366,-0.014850059785390418,-0.00514320462421659,5.394101414629997e-05,6.995428944805995e-06,2.5675815218906365e-05
7706.759986140611,18521.598921786263,-0.004396167382132575,-0.012785107350095387,-0.004044649477064835,0.0001238837785239498,5.6235154911727685e-06,3.938536771364769e-05
12233.704077310329,18521.598921786263,-0.01595742596406051,-0.009230253956447238,-0.0018319971794665824,7.351610476094214e-06,2.332570870367258e-06,4.184168008843992e-06
16760.64816848004,18521.598921786263,0.014130621321450407,-0.005626654852455148,-0.003518099661857753,2.149946927496534e-05,9.618253173131861e-06,7.901550682139663e-06
21287.592259649762,18521.598921786263,0.003557112216530688,-0.0029741325811893735,0.00274992809970984,0.00010237742916188792,2.1422799192356444e-05,4.025916585862445e-05
25814.536350819486,18521.598921786263,0.025065388124188952,-0.0014154969320632066,0.028157114446244483,0.00012121221374255068,3.2996289984549516e-05,4.233728108534891e-05
30341.480441989203,18521.598921786263,-0.002310334096946861,-0.00036925050669457844,0.014013241471433062,5.581644487776716e-05,3.961090254665044e-05,2.763415391145022e-05
34868.42453315892,18521.598921786263,0.013568222187817397,0.000553134262307206,0.0003922025241880761,6.882678152489585e-05,4.1372061941734954e-05,2.885137256973102e-05
-51143.51319906573,23084.678843774185,-0.0049838417392733605,0.004734878419062663,-0.0006975326807627594,5.286106883645587e-06,1.9530631546909357e-06,3.703505023297922e-06
-46616.569107896015,23084.678843774185,-0.003134200054176077,0.005123280260335786,-0.010271513457985215,1.3751544544509254e-05,6.310681435661966e-06,3.3830017945742324e-06
-42089.62501672629,23084.678843774185,0.0038646708405930368,0.004185146390524331,-0.008063758576485607,1.7512112096613775e-05,1.1416127311033698e-05,3.819634755213545e-06
-37562.680925556575,23084.678843774185,0.003182479778579239,0.0030531920253253977,-0.002832782681689787,1.2998509014549843e-05,1.6631081142049098e-05,4.109246473375588e-06
-33035.73683438685,23084.678843774185,0.0041914184742949945,0.0033652787142665792,-0.0021280745730577547,4.340289116914694e-05,1.9855547483095035e-05,7.829044283003882e-06
-28508.79274321714,23084.678843774185,-0.005158720608028307,0.005693865851207357,-0.005000764889222159,1.0926344447886985e-05,1.7088246870555194e-05,3.525864838693001e-06
-23981.848652047414,23084.678843774185,-0.006824018599767577,0.008218715270508097,-0.0031999611505920678,1.2665645420730344e-05,1.5920049691095755e-05,3.7146058378312763e-06
-19454.9045608777,23084.678843774185,-0.0014766271631502965,0.00792223275302572,0.005206245698550271,2.8055537176815997e-05,2.0572154574812276e-05,6.064384607223499e-06
-14927.960469707983,23084.678843774185,0.008500632087306587,0.003952059835308901,-0.0027450754347796424,1.1071367906467284e-05,2.3446208390737004e-05,4.97694936698928e-06
-10401.016378538267,23084.678843774185,-0.0003348382264250216,-0.0016735877859401825,-0.010607334106079142,2.2588632892497993e-05,1.5529905790225953e-05,6.978219390846866e-06
-5874.072287368548,23084.678843774185,-0.002385247546507714,-0.006751711942241036,-0.011480998067868398,1.4885831554850142e-05,7.0203987910736335e-06,5.173557666866569e-06
-1347.1281961988311,23084.678843774185,-0.0021136868172824484,-0.010293978410235768,-0.023701253303424694,1.8877506409825006e-05,9.685692816106696e-06,8.449897326687049e-06
3179.8158949708936,23084.678843774185,-0.00691485750564151,-0.011900829106734694,-0.014653864515898337,1.2677069366525843e-05,1.620823846959435e-05,4.4316733910082365e-06
7706.759986140611,23084.678843774185,-0.004541571466615647,-0.01146265194723796,-0.004443483449808588,2.90697758708781e-05,1.3329723053994706e-05,1.313899024391201e-05
12233.704077310329,23084.678843774185,-0.0010616370764911106,-0.009268048290263915,-0.00459153444916488,4.676780288089197e-05,5.877372295097364e-06,2.3044318078403167e-05
16760.64816848004,23084.678843774185,0.009365575514727616,-0.006244234584741204,-0.014091776311537435,4.2813920817919634e-05,2.2994573570206498e-06,1.1323639999204986e-05
21287.592259649762,23084.678843774185,0.0051814819820819435,-0.003707880702092577,0.002030571131492215,9.365879698615615e-05,9.009923026251272e-06,1.9720920901238683e-05
25814.536350819486,23084.678843774185,0.016599034000881762,-0.002154890672198858,0.013664314844513983,4.083313872134411e-05,2.625574300081031e-05,1.930336828879177e-05
30341.480441989203,23084.678843774185,-0.0017299639052642153,-0.001032324906432712,0.002013852596929655,9.020783247128171e-05,3.8013032791803015e-05,3.335530564001644e-05
34868.42453315892,23084.678843774185,0.008126940048606016,3.742353414680575e-05,-0.0131939210825365,5.395368469093782e-05,4.1193455258413294e-05,2.6017329552297647e-05
-51143.51319906573,27647.75876576209,0.006573952211396138,0.003398576524326501,-8.468119845978644e-05,4.495831213749071e-05,7.277233559367516e-06,1.8185939817173835e-05
-46616.569107896015,27647.75876576209,-0.005164007501080661,0.004131650846969229,-0.005178166703444204,1.9819652730606945e-06,2.0557601608831667e-06,1.892516630366283e-06
-42089.62501672629,27647.75876576209,0.0011844926406478287,0.003677032556440726,-0.010135184347083527,8.425736124918862e-06,1.0446208896241906e-05,2.162690747069051e-06
-37562.680925556575,27647.75876576209,0.007898667796517305,0.0028770537721636933,-0.007573903860158306,1.2686504479552621e-05,2.2433910223080922e-05,3.347234036758269e-06
-33035.73683438685,27647.75876576209,0.007811005566857099,0.003515053483000196,-0.0025354541932992164,1.1726603130933288e-05,1.939290132047344e-05,3.4207613054978005e-06
-28508.79274321714,27647.75876576209,0.0017640603280893036,0.006391127435104824,-0.003729515998560917,7.746178988441978e-06,7.50333277163494e-06,2.774524936407911e-06
-23981.848652047414,27647.75876576209,0.00477497980106449,0.009355360057360408,-0.005940780191444256,9.813467292178133e-06,2.8767923402231e-06,3.465190660887599e-06
-19454.9045608777,27647.75876576209,-0.0029877716094824603,0.008751860080047462,-0.0051559469864422836,4.2571271834668934e-05,7.361623435032785e-06,1.2912450729978827e-05
-14927.960469707983,27647.75876576209,-0.006229679647573422,0.0038720036903502134,0.005172110779753294,9.106350651865938e-05,1.0792022352370972e-05,2.154883551343763e-05
-10401.016378538267,27647.75876576209,-0.0024800514779536754,-0.0022172181221278044,-0.0057328297502111936,1.1083815301091371e-05,4.566638393294394e-06,3.482879553598538e-06
-5874.072287368548,27647.75876576209,-0.0009820479146248895,-0.0067501825739339025,-0.0035734167457727173,6.33882798135006e-06,2.0395000967795245e-06,3.0917624964620354e-06
-1347.1281961988311,27647.75876576209,-0.0031663029202225364,-0.009476491572515266,-0.008667665386707657,6.109052173213005e-05,8.433472810224504e-06,2.1587346525150122e-05
3179.8158949708936,27647.75876576209,0.012376319817876874,-0.011010777541901474,2.223025118529287e-05,1.778723363115515e-05,1.5796916230208263e-05,7.339230649041348e-06
7706.759986140611,27647.75876576209,-0.021657681884831262,-0.011281207597423867,-0.006574440658726394,4.578771740121825e-05,1.3928275093159592e-05,1.7003475454616704e-05
12233.704077310329,27647.75876576209,0.0017286425344407441,-0.009841061985717763,-0.01239142260421839,5.118378411499146e-05,7.715352306973474e-06,1.327453932857168e-05
16760.64816848004,27647.75876576209,0.013984593445285017,-0.007129260918826555,-0.018426641958967996,3.0876617342553454e-05,5.442534228580454e-06,8.064698494181585e-06
21287.592259649762,27647.75876576209,0.005923356839669358,-0.004580797528835589,-0.00723299673296268,3.9272199819243535e-05,1.2366773530481544e-05,1.1840165683563273e-05
25814.536350819486,27647.75876576209,0.018645649065294503,-0.002967162215416019,0.017746776843945315,7.324342180696897e-05,2.8068820079133385e-05,3.158083944979493e-05
30341.480441989203,27647.75876576209,0.018763592968425766,-0.0017984174285920005,0.01921176638099619,1.5634136743409557e-05,3.846485321463992e-05,5.584747726234329e-06
34868.42453315892,27647.75876576209,0.009651391359018938,-0.0006491602955153932,-0.01717212174359322,6.935508199286018e-05,4.1232679598507644e-05,2.0288398305811652e-05
-51143.51319906573,32210.838687749998,0.008486614826105233,0.002319565878332626,0.0006061567432723734,3.3091291199397886e-05,2.1539233055380002e-05,1.7160410862412457e-05
-46616.569107896015,32210.838687749998,0.0006484530870659033,0.003208620813788003,-0.0074312976618792215,1.8696593876593774e-05,1.2402083180827515e-05,3.2699022145006985e-06
-42089.62501672629,32210.838687749998,0.002036794960395773,0.0032465002662536943,-0.012912580300419767,1.1724138701860203e-05,1.7876155754540334e-05,3.097056567213073e-06
-37562.680925556575,32210.838687749998,0.00940849949579254,0.002932053825312521,-0.010129784173675688,1.7365249948104566e-05,2.7266803416167957e-05,4.201227402787284e-06
-33035.73683438685,32210.838687749998,0.009281340495253096,0.00383803874265844,-0.0015749375810325053,1.1264410757406528e-05,2.2084515673558116e-05,3.0487109710254222e-06
-28508.79274321714,32210.838687749998,0.00985423385277838,0.006867623915861983,4.560442168732859e-06,1.752266234787773e-05,9.869204345159381e-06,3.4998730167614637e-06
-23981.848652047414,32210.838687749998,0.010788124036103429,0.009988548700201046,7.728784522702259e-05,1.4993764462801693e-05,4.7112708671397016e-06,4.825041052508691e-06
-19454.9045608777,32210.838687749998,-0.008001699285611247,0.009328476442728877,0.0004162755535276029,1.5646152815321126e-05,6.674214320412834e-06,7.041511697269222e-06
-14927.960469707983,32210.838687749998,0.0025516913082700605,0.003901094664452768,0.0026710569287326097,5.908258134532861e-05,7.227441756450787e-06,1.6977266638477028e-05
-10401.016378538267,32210.838687749998,-0.0008018258922171395,-0.0029612265214510117,0.01281396725062639,3.51021038369991e-05,3.1297360042780483e-06,1.135463704336935e-05
-5874.072287368548,32210.838687749998,-0.006628922431417019,-0.007847733135138913,-0.0056118837408389854,1.986407002425652e-05,3.231507199273734e-06,6.749051534933994e-06
-1347.1281961988311,32210.838687749998,-0.011920954387691762,-0.01029212167342644,0.0004843601946330142,1.889634427439311e-05,3.083218952889691e-06,6.202555480741963e-06
3179.8158949708936,32210.838687749998,-0.004239181077963661,-0.011342865683710282,0.00109026463299235,0.00010314706506189189,6.469218376724888e-06,2.4968432957764416e-05
7706.759986140611,32210.838687749998,-0.013296163535041799,-0.01143156263984919,-0.000828920959002161,7.822654159629457e-05,5.428820118165554e-06,1.963962642048583e-05
12233.704077310329,32210.838687749998,-0.014521479230492032,-0.010175394343897148,0.011088942448264208,3.301844828349968e-05,2.997425183727756e-06,1.0185481503449022e-05
16760.64816848004,32210.838687749998,-0.016833370259220166,-0.007725189031326533,0.006061717310581138,3.3597144837566864e-05,1.2773562709638445e-05,1.763830673671282e-05
21287.592259649762,32210.838687749998,0.001577448819915308,-0.005304430717011496,0.016752732352678733,5.4377163358940075e-05,2.5779906500537908e-05,9.928875703366595e-06
25814.536350819486,32210.838687749998,-0.006579480475384487,-0.003745078972448947,0.023907267504313434,3.403872344690198e-05,3.552282986620367e-05,1.5172433632388633e-05
30341.480441989203,32210.838687749998,0.029871127072484162,-0.0026585841232781835,0.0161565643878734,3.544576980819806e-05,4.0253026424024185e-05,1.1824158740156505e-05
34868.42453315892,32210.838687749998,0.023325352602138763,-0.001538156841101541,-0.0016585796729213405,4.12874445233767e-05,4.1420695644524155e-05,1.5425977251685372e-05
-51143.51319906573,36773.91860973792,0.007652389356588958,0.0013919994667599975,0.0034750198188414037,0.0001377048803978816,3.458013032081011e-05,5.5748968140548845e-05
-46616.569107896015,36773.91860973792,0.004725734653785681,0.0022994780094701315,-0.014904481830898111,1.4166745462553177e-05,3.0060644635052356e-05,4.0045487459874495e-06
-42089.62501672629,36773.91860973792,0.010849542906751698,0.002873461196943222,-0.02217014251873113,1.9558807785602952e-05,3.105127870462576e-05,4.14830842872138e-06
-37562.680925556575,36773.91860973792,0.006481804247100405,0.0032079550064250213,-0.00923331984004555,2.0659248132254266e-05,3.1559830214265005e-05,5.615157518505421e-06
-33035.73683438685,36773.91860973792,0.006497169163539231,0.004240668520992762,-0.0017605220064653496,1.554373015014431e-05,2.5835229894646555e-05,4.558008824272225e-06
-28508.79274321714,36773.91860973792,0.008507614888241682,0.006744182885443151,0.0031737666093926767,9.896409264764265e-06,1.923084816941962e-05,3.4908282905594403e-06
-23981.848652047414,36773.91860973792,0.005564141450338355,0.009383448558556755,0.003847253252249244,2.2965423074903705e-05,1.255689791682128e-05,4.743717686674472e-06
-19454.9045608777,36773.91860973792,-0.005422103329273711,0.008980860142856525,0.004504971044534813,2.9918524582766637e-05,7.602919738355293e-06,6.975252702363748e-06
-14927.960469707983,36773.91860973792,-0.004641095105451506,0.004242908198864024,0.00030672560578790323,2.8441503149765566e-05,9.167813979115876e-06,8.156466417327362e-06
-10401.016378538267,36773.91860973792,-0.008701274730566956,-0.0022620909470835206,0.005797435240548345,6.789279718960145e-05,1.1040593062197566e-05,2.6859800131624322e-05
-5874.072287368548,36773.91860973792,-0.011352822439119904,-0.0071366696438274185,0.004812572216903704,9.696435060289484e-05,9.111147489987137e-06,2.5891170219367654e-05
-1347.1281961988311,36773.91860973792,-3.9218830745467795e-05,-0.009323027064431381,0.002742658996326787,3.8545137497350465e-05,3.735749182639683e-06,1.1985552090514393e-05
3179.8158949708936,36773.91860973792,-0.005814149961430756,-0.00974145337626252,0.005480067008639695,0.00011001261955968123,5.673795245587499e-06,2.36832554482813e-05
7706.759986140611,36773.91860973792,-0.010966520956276805,-0.009427381562934396,-0.005264052228659236,4.012724777654263e-05,5.35151642690891e-06,1.2636063497761281e-05
12233.704077310329,36773.91860973792,0.005673536674445801,-0.00851326088628915,0.0008357271749813294,2.581746391096032e-05,5.848472119480435e-06,1.0832114424123992e-05
16760.64816848004,36773.91860973792,-0.004666793601136039,-0.006889246127238298,-0.0021605699183292765,0.00013941700596958257,2.0285672050467844e-05,4.4319446381460814e-05
21287.592259649762,36773.91860973792,-0.012644083766530256,-0.005164503800715734,0.006930605507610455,6.181228914815632e-05,3.418645993396999e-05,2.177115731906231e-05
25814.536350819486,36773.91860973792,-0.009063651503031563,-0.003999518970721182,0.03252812437129074,0.00011992644906020289,3.98085622551084e-05,4.4480668422930376e-05
30341.480441989203,36773.91860973792,-0.010808298803205503,-0.0032114821395763655,0.026248682964743014,3.329673452693563e-05,4.1265352784035395e-05,1.2142034522769416e-05
34868.42453315892,36773.91860973792,0.021168801240381237,-0.0023075618571702042,0.029717323976955888,5.693644862474881e-05,4.1526101512765284e-05,2.237074710842286e-05
-51143.51319906573,41336.998531725825,0.0010392953165235417,0.00041662837437591964,-0.0005924518126292824,0.00017188923631512393,4.0049188249680705e-05,0.00014521172228967145
-46616.569107896015,41336.998531725825,-0.008082359141057042,0.0011850369740057701,-0.0024317895726149244,7.483766538302114e-05,3.82115371494419e-05,5.373463462815867e-05
-42089.62501672629,41336.998531725825,-0.020355791530224602,0.0022607213964204237,-0.00963535098558417,6.0776893920395716e-05,3.4987203449010984e-05,3.868771713710559e-05
-37562.680925556575,41336.998531725825,-0.00025040253524596934,0.003315035566900379,-0.01190982689997908,5.169372147253958e-05,2.553422685756128e-05,3.232729739815587e-05
-33035.73683438685,41336.998531725825,0.002420847056327632,0.004374141896859517,0.0022138629926681808,4.1953940962782745e-05,1.52813754435312e-05,1.4614136345412885e-05
-28508.79274321714,41336.998531725825,0.004214902454834715,0.005873576370266744,0.005664324838375732,1.1305799132016529e-05,1.4344915707656339e-05,4.4078644283852635e-06
-23981.848652047414,41336.998531725825,0.005886878940162117,0.007482018725560928,0.006403899882397302,2.4609965209270427e-05,1.0182729509389933e-05,5.352877527904914e-06
-19454.9045608777,41336.998531725825,-0.003688855155167318,0.0073859129224577115,0.005789674936685085,5.404677365627731e-06,2.407282970326064e-06,2.5645605173427568e-06
-14927.960469707983,41336.998531725825,-0.01399499357075721,0.004255504859461223,0.003565910443167397,4.724781089665214e-05,8.608975222519326e-06,1.645870102324573e-05
-10401.016378538267,41336.998531725825,-0.005007165252835313,-0.0005630506591227944,0.0051513238339159564,1.9691354591741805e-05,1.7074538635758954e-05,8.4596924024962e-06
-5874.072287368548,41336.998531725825,2.3486412229212217e-06,-0.004343816621780526,-0.0005861719371939578,8.095591570025843e-05,1.2777273492083208e-05,3.0624529832120435e-05
-1347.1281961988311,41336.998531725825,0.007197019330248215,-0.005801132579403405,-0.00797396587307012,3.707778886014536e-05,5.905248892012176e-06,1.616089330847909e-05
3179.8158949708936,41336.998531725825,0.004896797304266452,-0.0057753634086774586,0.013452319307481985,0.00010494491638053614,6.891380408830628e-06,4.241134228871813e-05
7706.759986140611,41336.998531725825,-0.002006526074191906,-0.005684997745262497,0.0021497219430355007,2.7680004229985617e-05,4.345896129257422e-06,1.1796162829423319e-05
12233.704077310329,41336.998531725825,-0.006843740624049646,-0.0057815140220220905,0.006340038076957821,8.82629913525716e-05,6.68666928690946e-06,2.8248063144159855e-05
16760.64816848004,41336.998531725825,-0.00933578813408794,-0.005392679025103324,0.01962590211475275,5.4914239888124484e-05,2.2326392808708574e-05,2.0801392307116866e-05
21287.592259649762,41336.998531725825,-0.0009629689047946852,-0.004479509529718247,-0.0032427713703667566,1.6632157937321274e-05,3.561536211058555e-05,7.098728671846337e-06
25814.536350819486,41336.998531725825,-0.005727919461000361,-0.0036762659563576066,0.012223763351301417,4.171193801157848e-05,4.0470639571637876e-05,1.1121633640830348e-05
30341.480441989203,41336.998531725825,0.0025213213359697086,-0.0031686661915904225,0.00973175425868756,3.0984688987943616e-05,4.141209284777877e-05,1.1519682638722848e-05
34868.42453315892,41336.998531725825,0.02278023435803962,-0.0025697294597980492,0.03401792317251485,4.105336869875134e-05,4.1488212220166895e-05,1.4006053491018284e-05
-51143.51319906573,45900.07845371373,7.61223305260751e-05,-0.0008402946307790721,0.0030714348325813195,0.00017256036360156762,3.819076153843469e-05,0.00017327111430142365
-46616.569107896015,45900.07845371373,0.006695509277607712,-0.0005109933306662207,0.010669102051370349,0.00011399473407502785,3.5151159389070027e-05,7.868524848024241e-05
-42089.62501672629,45900.07845371373,0.002603259970288114,0.0008229566971351748,-0.009100536506522934,9.356251364483613e-05,3.071626729852144e-05,6.555832233848773e-05
-37562.680925556575,45900.07845371373,-0.00819173944082429,0.002458428479640724,-0.01521983732028942,8.75127201016625e-05,1.7180194898284758e-05,6.156313206702933e-05
-33035.73683438685,45900.07845371373,-0.00043969317445669356,0.003458905356342238,0.0053825547511714734,5.3529977877739526e-05,3.305575191613438e-06,2.5194626756735246e-05
-28508.79274321714,45900.07845371373,-0.0011130245239563898,0.003828807017782543,0.010246686412674798,7.632938565624878e-05,5.5709992836236515e-06,5.127378157092095e-05
-23981.848652047414,45900.07845371373,-0.0015251882404408914,0.0042020373935960234,0.007315592338767923,8.639117194850792e-05,7.568712994459886e-06,5.252414924756063e-05
-19454.9045608777,45900.07845371373,-0.002527664055807043,0.004257465178741087,0.0014915369062244097,6.900072754520999e-05,4.717655127155198e-06,4.173843283505798e-05
-14927.960469707983,45900.07845371373,-0.0077785365714546605,0.0028687040338147536,0.001541780294829695,5.825931362993192e-05,9.77659253820902e-06,2.8199730900104917e-05
-10401.016378538267,45900.07845371373,-0.00427926789884216,0.0002856247003122634,0.0009221844028415383,0.00010363404497093949,1.3477986064230915e-05,4.4835792352133924e-05
-5874.072287368548,45900.07845371373,-0.00865924838130835,-0.0016269127670882804,-0.0021728688052475827,0.00010236862043142972,7.6252138278057584e-06,4.588164881969421e-05
-1347.1281961988311,45900.07845371373,-0.004224749223303072,-0.0019336711124300749,-0.00681219582809796,2.5629046763089652e-05,2.3262575834162236e-06,1.2057030683703188e-05
3179.8158949708936,45900.07845371373,0.009827165977540336,-0.0018940097805665345,0.019005875291054776,8.358710505568403e-05,4.273996353633954e-06,4.030440977531786e-05
7706.759986140611,45900.07845371373,0.018759293353629677,-0.0029355624252638333,0.005379535641301569,7.997336806550172e-05,3.143536145711852e-06,2.4956499334873955e-05
12233.704077310329,45900.07845371373,0.010484454376261984,-0.004451009957066217,-0.005322866947339369,4.920238726337722e-05,3.6347223027119243e-06,2.0973836368883957e-05
16760.64816848004,45900.07845371373,-0.005240813083033837,-0.004865607231114176,0.004667690797340466,3.440594039646753e-05,1.5882566234538432e-05,1.5501554757346383e-05
21287.592259649762,45900.07845371373,0.007797527249876111,-0.004050546513663362,0.006934109373955888,3.1239480542841295e-05,3.072629936976764e-05,1.0030801681351468e-05
25814.536350819486,45900.07845371373,-0.004067242912340601,-0.0031375336041367646,0.006275733592345293,2.3622861831765538e-05,3.8736016691439446e-05,6.094234127581417e-06
30341.480441989203,45900.07845371373,-0.0033365179711059446,-0.0027112147542063697,4.3706692253876744e-05,8.43694291415512e-05,4.0785341681854214e-05,2.982614001430185e-05
34868.42453315892,45900.07845371373,0.004748631399283873,-0.0023775292736512685,0.007921860980991263,0.00011025377863940185,4.0673343072924495e-05,2.904732994914798e-05
-51143.51319906573,50463.158375701656,4.3070070723015226e-05,-0.002375748888952706,0.0029827994387256066,0.00017258066149358788,2.8570250900050057e-05,0.00017781615604070886
-46616.569107896015,50463.158375701656,0.008285847227072044,-0.0027883707357645223,0.014466584738711558,0.00014480302860478972,2.0699590469415614e-05,9.598456545741351e-05
-42089.62501672629,50463.158375701656,-0.0015098935799412565,-0.001539184462357987,-0.0028305681929089235,9.40448036863166e-05,2.1241755912517116e-05,6.356558928811455e-05
-37562.680925556575,50463.158375701656,-0.0005994400239861027,0.00043597573594083595,-0.006290703778293539,9.249087177595023e-05,1.7612342277831603e-05,6.201520956947777e-05
-33035.73683438685,50463.158375701656,0.006329965432131459,0.0014592266234763212,0.00412484484507066,8.300315421932457e-05,8.07514082031398e-06,5.856064246158706e-05
-28508.79274321714,50463.158375701656,0.0012527593041450828,0.0011714010236519453,0.01017086288467036,8.437410128627741e-05,6.18732745945323e-06,5.938649200312631e-05
-23981.848652047414,50463.158375701656,-0.002831911340097486,0.0008257765109787739,0.006111132281164963,8.037688737658506e-05,4.040826846484607e-06,5.104860402873167e-05
-19454.9045608777,50463.158375701656,0.006268463914751093,0.001071440398008427,0.002654060763913002,7.470961387254942e-05,3.6835754925932757e-06,5.005206670565099e-05
-14927.960469707983,50463.158375701656,0.003520159827541694,0.0008592223622041592,0.00033813879976067433,0.000100004650854598,6.236739804556577e-06,6.196600393513843e-05
-10401.016378538267,50463.158375701656,0.006158734551501437,-0.00022424872701744432,-0.0026443205702093853,0.00013200363224847016,4.83789110565403e-06,6.763090113832032e-05
-5874.072287368548,50463.158375701656,-0.005231430014649671,-0.0006824312454526502,-0.00197368768061134,8.339209722122635e-05,2.8371139798931576e-06,5.314682306065398e-05
-1347.1281961988311,50463.158375701656,-0.0020265317807988473,2.9659942166530145e-05,0.0015915401257831276,0.00012571277848062845,1.7865267091988926e-06,7.029353262788155e-05
3179.8158949708936,50463.158375701656,-0.0037209301393652276,-8.619082341115164e-05,0.00389655507318477,0.00014410656645770926,2.6797169974292217e-06,4.5508784125096246e-05
7706.759986140611,50463.158375701656,-0.010524530038253255,-0.002284830887434858,0.004727741302237156,0.00012720487325603737,4.216865553796837e-06,5.7282898915159646e-05
12233.704077310329,50463.158375701656,-0.008522620156461685,-0.0046444044470955025,0.0007793147962684537,7.13945615451449e-05,2.2786505723727823e-06,2.4504452587079367e-05
16760.64816848004,50463.158375701656,-0.011557641765685533,-0.00489379694713867,-0.00397430859633199,0.00011424735189223983,7.234833417361388e-06,4.9236027993132336e-05
21287.592259649762,50463.158375701656,0.0035600370701088903,-0.0035061199481688076,0.015101553531928286,7.217629003821498e-05,2.1620611014969655e-05,2.1147090987771658e-05
25814.536350819486,50463.158375701656,0.009960192423113096,-0.0023501212236038743,0.00649115399051747,4.3990110368712424e-05,3.424313416515791e-05,1.8709794505128923e-05
30341.480441989203,50463.158375701656,-0.006029791736402897,-0.002111009867389464,0.0064572225781196375,1.5036559262263653e-05,3.7701305392740444e-05,5.446439492186908e-06
34868.42453315892,50463.158375701656,0.006858610138618868,-0.002121329517748839,0.005112125767870273,2.2652773348014383e-05,3.554444853217919e-05,8.977896735249606e-06
-51143.51319906573,55026.23829768956,-0.00012089872844208698,-0.003711891584676299,-0.0024968126506803596,0.00017257903394201564,1.7536907600386925e-05,0.00017526937085610844
-46616.569107896015,55026.23829768956,-0.0016466054067767848,-0.004828868727012722,0.005881060645040445,7.831780473809553e-05,4.112917326607054e-06,4.29044517325788e-05
-42089.62501672629,55026.23829768956,-0.009596743282863553,-0.003859111964692714,0.0006412714627641383,8.965690675602229e-05,1.04654149479789e-05,6.0953273997248146e-05
-37562.680925556575,55026.23829768956,-0.005228294443570262,-0.0017426166349856812,-0.00428110748828147,8.650497974095804e-05,1.7810577352088993e-05,6.128428086873039e-05
-33035.73683438685,55026.23829768956,-0.0013398804583230452,-0.0004457811135973659,-0.00012703259862327466,8.622517064081003e-05,1.0979684922772603e-05,6.093482929897828e-05
-28508.79274321714,55026.23829768956,0.002852331321025341,-0.0005330065718784681,0.009905784252366021,9.49197618880254e-05,5.660470006624342e-06,6.0766990596731305e-05
-23981.848652047414,55026.23829768956,0.003177469106495681,-0.0006869884509736459,0.008083709914982345,7.889831517636438e-05,3.7703456296102656e-06,5.42949886798057e-05
-19454.9045608777,55026.23829768956,0.0005307409567461589,-0.00015194844780814414,0.0003498556047059984,8.372535403698845e-05,2.9642362338680258e-06,5.3922182012480123e-05
-14927.960469707983,55026.23829768956,0.003050824376579612,-0.0001496294752472765,-0.002830658529422575,9.797706047685086e-05,2.5141481414915496e-06,5.529959320801266e-05
-10401.016378538267,55026.23829768956,0.0034242440322653223,-0.001206433207299528,-0.007603508433291745,2.770916577659894e-05,1.0017807764460933e-06,1.290461585123898e-05
-5874.072287368548,55026.23829768956,-0.014547246823111586,-0.0015200413660399516,0.001590230390678432,4.40969330490403e-05,1.4658626327057934e-06,2.55450332780372e-05
-1347.1281961988311,55026.23829768956,0.0005234896397524158,-0.0005350621354603645,-0.0013013954021585533,0.00011746018014695167,1.8659605111191174e-06,5.539685982728653e-05
3179.8158949708936,55026.23829768956,0.0016738843051079307,-0.0007023362730323134,-0.0008751583735364422,9.253461761969044e-05,1.5664897093604498e-06,3.731787444131429e-05
7706.759986140611,55026.23829768956,0.00039704766644066,-0.003046796438069984,-0.002449564832441801,0.0001640529564860302,3.235286334491916e-06,0.00011638284988298763
12233.704077310329,55026.23829768956,0.0002492408681627131,-0.004898059942394586,-0.002261197344071708,0.0001453417233095681,1.807503409853799e-06,5.699559541965632e-05
16760.64816848004,55026.23829768956,-0.0007656777978838347,-0.004146334656842858,-0.010497856910453435,9.049516103493985e-05,2.722018209384052e-06,3.483302156973871e-05
21287.592259649762,55026.23829768956,-0.000275392986740891,-0.0021509468005212907,0.003973455339642682,0.0001480990609238637,1.3490325953663103e-05,7.76062042573344e-05
25814.536350819486,55026.23829768956,0.013718577662343493,-0.0011285800199858287,0.008505369711107321,0.00010596723955871836,2.8306227034154324e-05,5.493676057762763e-05
30341.480441989203,55026.23829768956,0.006894727649114469,-0.0014274131016385296,0.007937004824327833,7.518257991343891e-05,3.0271203685805546e-05,3.6373880001598906e-05
34868.42453315892,55026.23829768956,-0.003538087223828056,-0.0019606907219476676,0.008541694582104528,5.5948330925417684e-05,2.1297895116140822e-05,1.529338536013523e-05
-51143.51319906573,59589.318219677465,4.201944526051003e-05,-0.004184677095112437,0.0024137131796168887,0.00017253330047550783,1.9869509237126255e-05,0.00016975280969674727
-46616.569107896015,59589.318219677465,-8.994343585045153e-05,-0.005556074037735137,0.01520285170185412,0.00011280913969709354,7.752374171076159e-06,6.511211001916206e-05
-42089.62501672629,59589.318219677465,0.010205040839988577,-0.004865425884490802,0.01928805749572282,8.60673260787543e-05,1.3420702571315606e-05,6.279377545423429e-05
-37562.680925556575,59589.318219677465,-0.0003242589640652504,-0.0028457942003947577,0.0017366953414791782,8.793332275521445e-05,1.8346132239425184e-05,6.513506642233178e-05
-33035.73683438685,59589.318219677465,0.00289929492274537,-0.0012640882717431634,0.000951502248098153,8.164782710228511e-05,7.365634260241585e-06,5.543171341473955e-05
-28508.79274321714,59589.318219677465,-0.00039113339834524405,-0.0007468491342095332,0.010987416750745937,3.0380482148135535e-05,2.47052906172723e-06,1.6781891183600088e-05
-23981.848652047414,59589.318219677465,-0.0005810430524001622,-0.0003802334405248681,0.009408273675501485,8.749396405699096e-05,7.055769532704946e-06,5.9531749281538084e-05
-19454.9045608777,59589.318219677465,0.007332372404782461,0.000206155001004986,0.008338045310187975,9.281035969538643e-05,4.488612779133156e-06,5.809179925899243e-05
-14927.960469707983,59589.318219677465,-0.006859931713126815,-0.00016833032497040167,0.0024891748306715283,2.5692748313358203e-05,1.1383117376049766e-06,9.70806937519207e-06
-10401.016378538267,59589.318219677465,-0.012454877308792071,-0.001674720811946296,0.0011159341356523772,8.507198728222283e-05,1.7393314742937307e-06,4.5318979718365925e-05
-5874.072287368548,59589.318219677465,-0.017547743063034145,-0.0023421380510506157,0.0009309203735322347,9.774881665689883e-05,1.8334675111458725e-06,5.338139854841139e-05
-1347.1281961988311,59589.318219677465,-0.007128702678754761,-0.0017776326857857142,-7.472005178003199e-05,0.00010395920319180332,3.2473985425835426e-06,5.838720271829278e-05
3179.8158949708936,59589.318219677465,-0.002851401532986006,-0.0022975342440731267,-0.004376733470910443,9.515581673019493e-05,4.409237832313364e-06,5.8732693661334e-05
7706.759986140611,59589.318219677465,-0.006071649295159213,-0.004263781711329396,-0.005162651681149995,0.00010858645168873068,3.329002664293687e-06,7.098745310213866e-05
12233.704077310329,59589.318219677465,-0.00924698420839963,-0.0048884753579803535,-0.00017023304215189883,4.545911601526884e-05,2.002319301783187e-06,2.3195891369827312e-05
16760.64816848004,59589.318219677465,0.004362447289404912,-0.00296831952453362,-0.007372381138844419,0.00010726648562414803,4.710103212684277e-06,5.512668722682394e-05
21287.592259649762,59589.318219677465,0.005062640859632214,-0.000610376856190302,6.093037813783425e-05,0.00012885507362531086,1.4570818573406074e-05,7.508205836524983e-05
25814.536350819486,59589.318219677465,-0.023666617006623102,0.0001133019885526474,-0.020992531574687702,0.00011068432147964389,2.72118887443351e-05,6.407015155980358e-05
30341.480441989203,59589.318219677465,0.0056103235471326555,-0.0006825308119050527,0.0027300872599991897,0.00011048742634658883,2.4125194490402496e-05,5.0836580319135125e-05
34868.42453315892,59589.318219677465,0.0034206820452681334,-0.0016437238790007209,0.009302560899018653,0.00013207788099098785,7.71233554323424e-06,4.045516220020133e-05
